Circle	NDS	1.0	True	-1.29832670809297E-04	-3.9344862194061E-24	-4.07010752293207E-23	-563999.999999999	4.01286115447874E-10	1.46792444866151E-09	-1.3416042650294	0	-25.9665341618595	0
Circle	NDS	1.1	True	-1.29832670809297E-04	3.04491949689741E-07	-4.4051722247202E-23	-564000	33839999.9999999	1.07729647425003E-09	-2.26193118296665	0	-41.800115545726	0
Circle	NDS	1.2	True	-1.29832670809297E-04	-1.42150095599505E-24	-2.26883159152585E-07	-564000	-5.6591034081066E-09	-25380000	-2.02149746528999	0	-37.7644584377939	0
Circle	NDS	1.3	True	-1.29832670809297E-04	3.04491949689741E-07	-2.26883159152585E-07	-564000	33840000	-25380000	-2.47262545500151	0	-45.5777800111435	0
Circle	NDS	2.0	True	-5.4085568996958E-05	-4.88061926126738E-25	-4.60316562844111E-24	-564000.000000001	2.28008900649002E-09	3.29738725213247E-09	-1.75778099240113	0	-10.8171137993916	0
Circle	NDS	2.1	True	-5.4085568996958E-05	1.38232151032226E-07	-5.37852826262271E-24	-563999.999999999	33840000	3.6374103729031E-10	-3.07185037815123	0	-18.0051856530673	0
Circle	NDS	2.2	True	-5.4085568996958E-05	9.34850579804327E-26	-1.0271368817627E-07	-563999.999999999	1.58493662638648E-10	-25380000	-2.72585750346248	0	-16.1582255845577	0
Circle	NDS	2.3	True	-5.4085568996958E-05	1.38232151032226E-07	-1.0271368817627E-07	-563999.999999999	33840000	-25380000	-3.37166363975319	0	-19.7127225214857	0
Circle	NDS	3.0	True	-1.01926843624305E-04	5.968069110826E-24	-1.21016313913553E-23	-564000.000000001	-9.39337496674852E-11	4.84121187582787E-09	-1.49492703982314	0	-20.385368724861	0
Circle	NDS	3.1	True	-1.01926843624305E-04	2.46527116853978E-07	-1.57428759363995E-23	-564000	33839999.9999999	2.20040874410188E-09	-2.5525283711267	0	-33.2047788012678	0
Circle	NDS	3.2	True	-1.01926843624305E-04	8.6990025196092E-24	-1.8351428969835E-07	-563999.999999999	-8.96739038580563E-09	-25380000	-2.27547448534012	0	-29.9281117891752	0
Circle	NDS	3.3	True	-1.01926843624305E-04	2.46527116853978E-07	-1.8351428969835E-07	-564000	33840000	-25380000	-2.79436212613216	0	-36.2586750447166	0
Circle	BATCH	1	OK	OK	4	4	False	12.2217563515991	0	0	0
Circle	BATCH	2	OK	OK	4	4	True	1.8752229778162	0.329174558920146	0.146387917236891	20637.235550213
Rectangle	NDS	1.0	True	-6.98995401331272E-05	-8.75831501626143E-09	-5.24554865567997E-22	-243000	-49207500	-36450000	-0.758270026971608	0	-14.6105067077963	0
Rectangle	NDS	1.1	True	-1.15167989263015E-04	2.16541244924708E-07	-9.4178572494604E-22	-243000	-39366000	-36450000	-1.17328727590282	0	-21.3012678932053	0
Rectangle	NDS	1.2	True	-4.31928009358078E-05	-8.75831501626122E-09	-1.7804492798213E-07	-243000	-49207500	-41917500	-1.01584168945242	0	-18.457428603273	0
Rectangle	NDS	1.3	True	-8.84612500656954E-05	2.16541244924708E-07	-1.78044927982131E-07	-243000	-39366000	-41917500	-1.43085893838364	0	-23.7938968849552	0
Rectangle	NDS	2.0	True	-4.11343081493913E-05	-2.54348067053279E-09	-6.03482598308007E-23	-243000	-49207500	-36450000	-1.36972360576766	0	-8.40999223815665	0
Rectangle	NDS	2.1	True	-6.68452873940286E-05	1.24933014202523E-07	-6.46323716892325E-23	-243000	-39366000	-36450000	-2.14201941809407	0	-12.3695933651856	0
Rectangle	NDS	2.2	True	-2.40730866416508E-05	-2.5434806705328E-09	-1.1374147671827E-07	-243000	-49207500	-41917500	-1.88724732483579	0	-10.8919568805943	0
Rectangle	NDS	2.3	True	-4.97840658862881E-05	1.24933014202523E-07	-1.1374147671827E-07	-243000	-39366000	-41917500	-2.65954313716219	0	-13.9619740392413	0
Rectangle	NDS	3.0	True	-6.14988246669617E-05	-6.52286198702326E-09	-4.41694979179714E-22	-243000	-49207500	-36450000	-0.940011047166453	0	-12.7694109964581	0
Rectangle	NDS	3.1	True	-1.00906093857712E-04	1.89385508883224E-07	-6.97011715092536E-22	-243000	-39366000	-36450000	-1.4591236372693	0	-18.6661347004767	0
Rectangle	NDS	3.2	True	-3.74499447364369E-05	-6.5228619870231E-09	-1.603258662035E-07	-243000	-49207500	-41917500	-1.26921349243764	0	-16.2443971570389	0
Rectangle	NDS	3.3	True	-7.68572139271875E-05	1.89385508883224E-07	-1.603258662035E-07	-243000	-39366000	-41917500	-1.78832608254048	0	-20.9106968273257	0
Rectangle	BATCH	1	OK	OK	4	9	False	23.0149580809179	0	0	0
Rectangle	BATCH	2	OK	OK	4	4	True	4.94764966458889	0.476276871178261	5.39531447670552E-02	20756.3538967868
LSection	NDS	1.0	True	-7.14966647200106E-05	4.47051024658035E-10	2.52587763394884E-09	-477000	-119407500	-106650000	-0.738207561153603	0	-14.271973106536	0
LSection	NDS	1.1	True	-1.28166246848423E-04	1.65601710785886E-07	7.09542980698426E-08	-477000.000000001	-90787499.9999999	-106650000	-1.28405239732745	0	-23.17316691428	0
LSection	NDS	1.2	True	-2.75366380364782E-05	-5.08742643022622E-08	-1.36119830802366E-07	-477000	-119407500	-128115000	-1.212991381921	0	-21.9737310004149	0
LSection	NDS	1.3	True	-8.42062201648905E-05	1.14280395458966E-07	-6.76914103664725E-08	-477000	-90787500	-128115000	-1.25811466653745	0	-22.9669075474195	0
LSection	NDS	2.0	True	-4.16157308336618E-05	1.53052006199893E-10	8.14919113857707E-10	-477000	-119407500	-106650000	-1.35190694181698	0	-8.31417798172233	0
LSection	NDS	2.1	True	-7.52680616556897E-05	9.67169075296879E-08	4.31715330404302E-08	-477000.000000001	-90787500.0000001	-106650000	-2.37100101491291	0	-13.5891325422536	0
LSection	NDS	2.2	True	-1.42685796108211E-05	-3.16144084387295E-08	-8.57657265630124E-08	-477000	-119407500	-128115000	-2.30093694562095	0	-13.2182230997511	0
LSection	NDS	2.3	True	-4.79209104328489E-05	6.49494470847585E-08	-4.34091126364399E-08	-477000.000000001	-90787500	-128115000	-2.34402850681066	0	-13.5791342240815	0
LSection	NDS	3.0	True	-6.27006904362694E-05	3.49487090002574E-10	1.93956673146834E-09	-477000	-119407500	-106650000	-0.918964299664254	0	-12.5190297599621	0
LSection	NDS	3.1	True	-1.12674085271117E-04	1.45349166853369E-07	6.30109005745278E-08	-477000.000000001	-90787499.9999998	-106650000	-1.60209323643345	0	-20.363849310204	0
LSection	NDS	3.2	True	-2.34092645189646E-05	-4.54540132922921E-08	-1.22121341761402E-07	-477000	-119407500	-128115000	-1.52509109354061	0	-19.4503395000849	0
LSection	NDS	3.3	True	-7.33826593538122E-05	9.9545666471074E-08	-6.10500079183422E-08	-477000	-90787499.9999999	-128115000	-1.57371102459097	0	-20.2293673625015	0
LSection	BATCH	1	OK	OK	4	9	False	23.4644261321119	0	0	0
LSection	BATCH	2	OK	OK	4	4	True	5.49449882872723	0.523366389921143	5.15293643301592E-02	34539.8751647366
TwoRectangles	NDS	1.0	True	-7.31068397073635E-05	4.34093151384285E-09	2.38730462228833E-09	-484800	-120168000	-96840000.0000001	-0.755100921450432	0	-14.5484436154053	0
TwoRectangles	NDS	1.1	True	-1.36251362605507E-04	1.88401772705155E-07	8.87975950071247E-08	-484800.000000001	-91080000	-96840000.0000001	-1.39332960953892	0	-24.3222968193461	0
TwoRectangles	NDS	1.2	True	-2.64913838411423E-05	-6.69475580536471E-08	-1.41925873900988E-07	-484800	-120168000	-120837600	-1.28339561160687	0	-22.8007160384266	0
TwoRectangles	NDS	1.3	True	-8.96359067392854E-05	1.17113283137665E-07	-5.55155835161517E-08	-484800	-91079999.9999999	-120837600	-1.26135804132959	0	-22.7638957684355	0
TwoRectangles	NDS	2.0	True	-4.20853298648004E-05	1.30029702985228E-09	7.41191081362031E-10	-484800.000000001	-120168000	-96840000	-1.36745627320499	0	-8.39480453941948	0
TwoRectangles	NDS	2.1	True	-7.91359018026475E-05	1.08433823162135E-07	5.28918795076301E-08	-484800.000000001	-91080000.0000001	-96840000	-2.54548606419027	0	-14.1134397031104	0
TwoRectangles	NDS	2.2	True	-1.38474334629826E-05	-4.17240209218189E-08	-8.70510345370886E-08	-484800	-120168000	-120837600	-2.4017925135125	0	-13.5205790628741	0
TwoRectangles	NDS	2.3	True	-5.08980054008297E-05	6.54095052104638E-08	-3.49003461108206E-08	-484800.000000001	-91080000.0000001	-120837600	-2.31879835779292	0	-13.2859610340076	0
TwoRectangles	NDS	3.0	True	-6.39020158803343E-05	3.26256297533425E-09	1.81307973008556E-09	-484800	-120168000	-96840000	-0.936870684317616	0	-12.7252933965828	0
TwoRectangles	NDS	3.1	True	-1.19396787741035E-04	1.64652823016121E-07	7.83828773102172E-08	-484800.000000001	-91079999.9999998	-96839999.9999999	-1.73304107633674	0	-21.3080089271146	0
TwoRectangles	NDS	3.2	True	-2.25499220986192E-05	-5.99075200282744E-08	-1.26367041798901E-07	-484800	-120168000	-120837600	-1.60750783868784	0	-20.1008735818794	0
TwoRectangles	NDS	3.3	True	-7.804469395932E-05	1.01482740012512E-07	-4.97972442187698E-08	-484800.000000001	-91079999.9999999	-120837600	-1.57170815912716	0	-19.975990270516	0
TwoRectangles	BATCH	1	OK	OK	4	9	False	23.1542616616968	0	0	0
TwoRectangles	BATCH	2	OK	OK	4	4	True	5.24490718019076	0.493889371946561	5.95379390269011E-02	21031.0990973186
RoundedSimple	NDS	1.0	True	-7.48004193074867E-05	-7.07485252617448E-09	-6.982824653419E-25	-483600.000000001	-1209000.00000003	5.02041075378656E-10	-0.787376261041196	0	-15.1864791423349	0
RoundedSimple	NDS	1.1	True	-7.49809349962296E-05	1.79744033894998E-07	-3.15443967858194E-25	-483600	18376800	2.2409949451685E-09	-1.13234383571717	0	-20.7479960838858	0
RoundedSimple	NDS	1.2	True	-7.48004193074867E-05	-7.07485252617448E-09	-8.78234566141932E-08	-483600	-1209000	-21762000	-1.04945728388684	0	-19.753298886273	0
RoundedSimple	NDS	1.3	True	-7.49809349962296E-05	1.79744033894998E-07	-8.78234566141932E-08	-483600	18376800	-21762000	-1.37737127967077	0	-25.3148158278239	0
RoundedSimple	NDS	2.0	True	-4.25628605661105E-05	-2.20863693021683E-09	-1.31328242479715E-24	-483600.000000001	-1208999.99999999	-6.3664629124105E-10	-1.39746965669442	0	-8.58324849498905	0
RoundedSimple	NDS	2.1	True	-4.27635576272384E-05	1.13850105790374E-07	-1.35545023836341E-24	-483600.000000002	18376800	-6.00266503170133E-10	-2.10209034723628	0	-12.1959149107397	0
RoundedSimple	NDS	2.2	True	-4.25628605661105E-05	-2.20863693021683E-09	-5.63562842685833E-08	-483600.000000001	-1208999.99999999	-21762000	-1.92755092542234	0	-11.5137752769554	0
RoundedSimple	NDS	2.3	True	-4.27635576272384E-05	1.13850105790374E-07	-5.63562842685833E-08	-483600.000000003	18376800	-21762000	-2.59661674169309	0	-15.126441692706	0
RoundedSimple	NDS	3.0	True	-6.5152953324356E-05	-5.38030308906429E-09	-4.19498770408307E-24	-483600	-1208999.99999999	1.64436642080545E-09	-0.971161593371878	0	-13.2027603637213	0
RoundedSimple	NDS	3.1	True	-6.535235681666E-05	1.6154200387539E-07	-3.81740191216118E-24	-483600	18376800	-4.00177668780088E-10	-1.41458815758587	0	-18.2398154873445	0
RoundedSimple	NDS	3.2	True	-6.5152953324356E-05	-5.38030308906429E-09	-7.91806259278295E-08	-483600	-1209000.00000001	-21762000	-1.30675952230532	0	-17.3201529119684	0
RoundedSimple	NDS	3.3	True	-6.535235681666E-05	1.6154200387539E-07	-7.91806259278295E-08	-483600	18376800	-21762000	-1.72814343626007	0	-22.3572080355916	0
RoundedSimple	BATCH	1	OK	OK	4	9	False	22.0995791142499	0	0	0
RoundedSimple	BATCH	2	OK	OK	4	4	True	5.66178827777245	0.528047110459414	4.19478933912416E-02	16874.4193933249
RoundedTapered	NDS	1.0	True	-8.30539882032074E-05	-4.77443988837312E-09	-2.61123030490225E-09	-577200.000000001	-902999.999999992	-4194584.36612875	-0.87531741093455	0	-16.9089169094065	0
RoundedTapered	NDS	1.1	True	-8.3201025021989E-05	2.11031541107275E-07	-2.22811190366109E-09	-577200	22473600	-4194584.36612875	-1.28625209295772	0	-23.5172277121702	0
RoundedTapered	NDS	1.2	True	-8.2532291406231E-05	-5.35621227544302E-09	-9.63728399276433E-08	-577200.000000001	-902999.999999987	-39692384.3661287	-1.26445274735643	0	-23.8749821852601	0
RoundedTapered	NDS	1.3	True	-8.26793282250126E-05	2.10449768720205E-07	-9.59897215264021E-08	-577200.000000001	22473600	-39692384.3661288	-1.56296346571875	0	-28.6129032775705	0
RoundedTapered	NDS	2.0	True	-4.48002850106682E-05	-1.37497130822626E-09	-7.53018652353258E-10	-577200.000000001	-902999.999999988	-4194584.36612877	-1.47150037177263	0	-9.04596798142892	0
RoundedTapered	NDS	2.1	True	-4.49512962412323E-05	1.28697637787167E-07	-3.11909262041669E-10	-577200.000000001	22473600	-4194584.36612877	-2.26904539937207	0	-13.1259440627298	0
RoundedTapered	NDS	2.2	True	-4.44342450468792E-05	-2.04480408610682E-09	-5.73507391643327E-08	-577200.000000001	-902999.999999975	-39692384.3661288	-2.21387461443814	0	-13.2718011677073	0
RoundedTapered	NDS	2.3	True	-4.45852562774433E-05	1.28027805009286E-07	-5.69096297740211E-08	-577200.000000001	22473600	-39692384.3661288	-2.79073427061673	0	-16.1814463073611	0
RoundedTapered	NDS	3.0	True	-7.11729620839868E-05	-3.54468155463861E-09	-1.93940977154612E-09	-577200.000000001	-903000.000000001	-4194584.36612876	-1.0618850829366	0	-14.4559668879027	0
RoundedTapered	NDS	3.1	True	-7.1331590123418E-05	1.87627596865362E-07	-1.51168210654431E-09	-577200.000000001	22473600	-4194584.36612875	-1.58241393094801	0	-20.3545391005081	0
RoundedTapered	NDS	3.2	True	-7.06873598299555E-05	-4.19419393482654E-09	-8.50341483946413E-08	-577200.000000001	-902999.99999998	-39692384.3661288	-1.55210729607879	0	-20.6390563913729	0
RoundedTapered	NDS	3.3	True	-7.08459878693867E-05	1.86978084485174E-07	-8.46064207296395E-08	-577200.000000002	22473600	-39692384.3661287	-1.9297646105559	0	-24.8615637309521	0
RoundedTapered	BATCH	1	OK	OK	4	9	False	19.7481511847401	0	0	0
RoundedTapered	BATCH	2	OK	OK	4	4	True	4.79689850867996	0.473315226706331	5.18786169014078E-02	18013.5247008972
RoundedMixed	NDS	1.0	True	-7.93243551995409E-05	-6.81044827931714E-09	-1.2741102692813E-08	-537000.000000001	-1234500.00000001	-18246000	-0.874896364867648	0	-16.8390367885358	0
RoundedMixed	NDS	1.1	True	-7.95192960817651E-05	1.96582646867663E-07	-1.26473006431471E-08	-537000.000000001	20514000	-18246000	-1.2506347854998	0	-22.8984338462616	0
RoundedMixed	NDS	1.2	True	-7.69164292482428E-05	-6.93551767887163E-09	-1.03849747522335E-07	-537000	-1234500	-47244000	-1.23603403868173	0	-23.323482980071	0
RoundedMixed	NDS	1.3	True	-7.71113701304671E-05	1.96457577468108E-07	-1.03755945472669E-07	-537000	20514000	-47244000	-1.49852633912824	0	-27.4838180045569	0
RoundedMixed	NDS	2.0	True	-4.3793337549067E-05	-2.02842787922679E-09	-3.83628779301326E-09	-537000.000000001	-1234500.00000001	-18246000	-1.47555567354289	0	-9.05198436471485	0
RoundedMixed	NDS	2.1	True	-4.40007610467289E-05	1.22013633944545E-07	-3.70630003381499E-09	-537000.000000001	20514000	-18246000	-2.22830440920295	0	-12.9108756391687	0
RoundedMixed	NDS	2.2	True	-4.20858874014761E-05	-2.20174489149116E-09	-6.01736462730361E-08	-537000.000000001	-1234499.99999999	-47244000	-2.17085741954321	0	-13.0179649146745	0
RoundedMixed	NDS	2.3	True	-4.2293310899138E-05	1.21840316932281E-07	-6.00436585138378E-08	-537000.000000001	20514000	-47244000	-2.70270756852248	0	-15.6994929883514	0
RoundedMixed	NDS	3.0	True	-6.8457498923103E-05	-5.10720788455644E-09	-9.58417665446968E-09	-537000	-1234500	-18246000	-1.06298701651143	0	-14.4242916669785	0
RoundedMixed	NDS	3.1	True	-6.86700297634638E-05	1.75676371881475E-07	-9.47314723816918E-09	-537000	20514000	-18246000	-1.54344584606251	0	-19.8829111287846	0
RoundedMixed	NDS	3.2	True	-6.62125333210622E-05	-5.25524710629044E-09	-9.08779247912126E-08	-537000	-1234500.00000001	-47244000	-1.51894525654402	0	-20.190897535271	0
RoundedMixed	NDS	3.3	True	-6.64250641614229E-05	1.75528332659741E-07	-9.07668953749121E-08	-537000	20514000	-47244000	-1.8558711285715	0	-23.9538697807374	0
RoundedMixed	BATCH	1	OK	OK	4	9	False	20.1876870143795	0	0	0
RoundedMixed	BATCH	2	OK	OK	4	4	True	5.13911977681024	0.490268120403715	4.80235741010796E-02	17503.8995328539
HollowCentered	NDS	1.0	True	-1.57083189954367E-04	1.39336747235298E-24	1.53220106058255E-26	-1987199.99999997	8.32778823678382E-09	-1.74622982740402E-09	-1.62319296286179	0	-31.4166379908733	0
HollowCentered	NDS	1.1	True	-1.57083189954367E-04	1.2761438992997E-07	2.65942030109595E-25	-1987200.00000001	238463999.999998	4.36557456851006E-09	-2.40451206520803	0	-45.70944966303	0
HollowCentered	NDS	1.2	True	-1.57083189954367E-04	1.23672996016313E-24	-1.21949153121141E-07	-1987200	2.33585524256341E-08	-149040000.000001	-2.24066217483183	0	-42.6359600780184	0
HollowCentered	NDS	1.3	True	-1.57083189954367E-04	1.2761438992997E-07	-1.21949153121141E-07	-1987200	238463999.999999	-149040000	-2.98242081629978	0	-56.4183141904551	0
HollowCentered	NDS	2.0	True	-5.77727034121802E-05	1.37427205646657E-25	1.81916603803482E-25	-1987199.99999999	5.21295078215189E-08	-6.47560227662325E-10	-1.87761286089586	0	-11.5545406824361	0
HollowCentered	NDS	2.1	True	-5.77727034121802E-05	4.88277801326281E-08	1.06388401713012E-25	-1987200	238463999.999999	-6.03176886215806E-09	-2.81785280207478	0	-17.0232520572904	0
HollowCentered	NDS	2.2	True	-5.77727034121802E-05	1.84632331953201E-25	-4.47362646811411E-08	-1987200	5.65693483167706E-08	-149040000	-2.59003787594303	0	-15.670277033101	0
HollowCentered	NDS	2.3	True	-5.77727034121802E-05	4.88277801326281E-08	-4.47362646811411E-08	-1987200	238464000.000001	-149040000	-3.48267073149264	0	-20.9436772874249	0
HollowCentered	NDS	3.0	True	-1.17573503314493E-04	5.85123787724269E-25	1.86934296433824E-24	-1987199.99999998	1.96031919585948E-08	4.11819200962782E-09	-1.7244113819459	0	-23.5147006628987	0
HollowCentered	NDS	3.1	True	-1.17573503314493E-04	9.70132184521523E-08	1.68874922776826E-24	-1987199.99999999	238464000	-7.65430741012096E-09	-2.56745625029511	0	-34.3801811295397	0
HollowCentered	NDS	3.2	True	-1.17573503314493E-04	6.97994873080506E-25	-9.1183399039192E-08	-1987200	5.53025074623292E-08	-149040000	-2.37971607637423	0	-31.9035733745044	0
HollowCentered	NDS	3.3	True	-1.17573503314493E-04	9.70132184521523E-08	-9.1183399039192E-08	-1987200	238464000	-149040000	-3.18007512860449	0	-42.3810009673368	0
HollowCentered	BATCH	1	OK	OK	4	4	False	9.86526316953661	0	0	0
HollowCentered	BATCH	2	FAIL	FAIL	4	4	True	1.17912590856165	0.356768751213552	0.350357759065967	57389.4060750563
HollowOffset	NDS	1.0	True	-1.55730522201124E-04	4.61221568572143E-09	7.689358681688E-09	-1998000	20439000.0000001	15792000	-1.67495768587648	0	-32.3516447329979	0
HollowOffset	NDS	1.1	True	-1.5497406829176E-04	1.32428856072956E-07	7.99175425180515E-09	-1998000	260198999.999999	15792000	-2.44935603425908	0	-46.4128639200536	0
HollowOffset	NDS	1.2	True	-1.56120324767699E-04	4.42321845439821E-09	-1.14347939447591E-07	-1998000.00000001	20439000.0000001	-134058000	-2.21793504660205	0	-42.2217829757932	0
HollowOffset	NDS	1.3	True	-1.55363870858335E-04	1.32239858841633E-07	-1.14045543877474E-07	-1998000	260199000	-134058000	-2.95152144888606	0	-55.8468689632909	0
HollowOffset	NDS	2.0	True	-5.76054126891878E-05	5.79806037172934E-10	9.27407090804873E-10	-1998000	20438999.9999998	15792000	-1.89754444943674	0	-11.6690230422063	0
HollowOffset	NDS	2.1	True	-5.71711202092064E-05	4.96773387141199E-08	1.13170040965714E-09	-1998000	260199000	15792000	-2.83121177890422	0	-17.0810711675006	0
HollowOffset	NDS	2.2	True	-5.78929187017505E-05	4.52122712890262E-10	-4.4082676887939E-08	-1998000	20438999.9999997	-134058000	-2.59180185559234	0	-15.6830192670327	0
HollowOffset	NDS	2.3	True	-5.74586262217691E-05	4.95496553898373E-08	-4.38783835690867E-08	-1998000	260199000	-134058000	-3.47199824814067	0	-20.8798993148122	0
HollowOffset	NDS	3.0	True	-1.16822789540856E-04	2.5759164683102E-09	4.22519469902762E-09	-1998000	20438999.9999997	15792000	-1.76501729003313	0	-24.0314747990592	0
HollowOffset	NDS	3.1	True	-1.16134057006037E-04	9.9889555136277E-08	4.52255261914849E-09	-1998000	260199000	15792000	-2.60118858417584	0	-34.7460707635995	0
HollowOffset	NDS	3.2	True	-1.17230553255115E-04	2.39006776823467E-09	-8.7217229639762E-08	-1998000	20439000.0000001	-134058000	-2.36590066384071	0	-31.7282230968504	0
HollowOffset	NDS	3.3	True	-1.16541820720296E-04	9.97037064362015E-08	-8.69198717196411E-08	-1997999.99999999	260199000	-134058000	-3.15649976008817	0	-42.0729926373761	0
HollowOffset	BATCH	1	OK	OK	4	9	False	9.82473633919735	0	0	0
HollowOffset	BATCH	2	FAIL	FAIL	4	4	True	1.2193990024581	0.352761890487248	0.392490646159263	77099.9917328557
