"File","Module","Kind","Lines","Header","HeaderLines","Methods","SuspectedTemplates","OwnerReview"
"src/Batch/CBatchSectionCalculator.cls","CBatchSectionCalculator",".cls","2109","========================================================================== Пакетный расчет сочетаний нагрузок ========================================================================== CBatchSectionCalculator запускает один и тот же расчетный набор для всех LC: прямое НДС, несущую способность для 1 группы и трещины для 2 группы. Класс хранит результаты каждого сочетания в массивах, чтобы writer мог потом выгрузить сводку и Results без повторного обращения к solver-ам.  Здесь нет чтения Excel-ячеек и нет генерации геометрии. На вход уже должны прийти CSectionModel, материалы и нормализованные усилия N + Mx + My.","10","143","0","Pending"
"src/Batch/CCalculationProfile.cls","CCalculationProfile",".cls","290","========================================================================== РАСЧЕТНЫЙ ПРОФИЛЬ LC ========================================================================== Профиль отвечает только на вопрос ""что считать"" для сочетания: прямое НДС по прочности, несущую способность, раскрытие трещин и какие материальные модели использовать для этих расчетов. Порядок выполнения, переиспользование состояний и запись Results остаются ответственностью batch-orchestrator-а.  ProfileId задается заголовком столбца PR1/PR2/... в rngCalculationProfiles. Отдельного IsActive нет: профиль используется только тогда, когда его ProfileId назначен строке сочетания.","11","29","0","Pending"
"src/Batch/CCalculationProfileCatalog.cls","CCalculationProfileCatalog",".cls","244","========================================================================== КАТАЛОГ РАСЧЕТНЫХ ПРОФИЛЕЙ ========================================================================== Каталог читает вертикальную таблицу rngCalculationProfiles: параметры идут по строкам, а профили PR1/PR2/... - по столбцам. Код не привязан к четырем профилям: число профилей определяется таблицей и не зашито в расчетное ядро.  Класс не решает, какие проверки запускать и в каком порядке. Он только возвращает CCalculationProfile по ProfileId, назначенному сочетанию нагрузок.","9","16","0","Pending"
"src/Batch/CCombinationResult.cls","CCombinationResult",".cls","339","========================================================================== Канонический результат одного сочетания нагрузок ========================================================================== Содержит typed subtrees прочности, трещин и устойчивости и repository named states. Численные данные принадлежат конечным result-объектам и не копируются в плоскую таблицу. Здесь собираются только итоговые meta и комментарии LC; класс не решает равновесие, не читает Config и не пишет Excel.","7","43","0","Pending"
"src/Batch/CDirectStateResult.cls","CDirectStateResult",".cls","167","========================================================================== Инженерный результат прямого НДС одного сочетания ========================================================================== Хранит ссылку на канонический CSectionStateResult и итоговую meta проверки модели прочности. Плоскость, усилия, невязки и экстремумы принадлежат State и не дублируются здесь. Класс не запускает solver; display формирует policy.","6","15","0","Pending"
"src/Batch/CSectionStateResult.cls","CSectionStateResult",".cls","451","========================================================================== ИМЕНОВАННОЕ НДС ОДНОГО СОЧЕТАНИЯ ========================================================================== Один LC может иметь несколько конечных расчетных состояний: StrengthState, CapacityState, CrackedState и состояния образования трещины PreCrackState/PostCrackState. CSectionStateResult хранит плоскость деформаций, усилия, невязки, диагностические признаки solver-а и фактическую спецификацию материала для такого named-state.  Класс не пишет лист Results и не решает равновесие. Он только переносит состояние solver-а в компактный объект, который CCombinationResult хранит до блочной записи snapshot.","12","57","0","Pending"
"src/Batch/CStateProvider.cls","CStateProvider",".cls","275","========================================================================== Единая точка получения named-state ========================================================================== CStateProvider стоит между инженерными расчетами и CStateSolutionRunner. Он сначала проверяет CStateRepository, затем при необходимости запускает общий state-solve pipeline и сохраняет полученный конечный state. Search-probes сюда не складываются: provider работает только с именованными состояниями, которые имеют самостоятельный смысл в Results.","8","25","0","Pending"
"src/Batch/CStateRepository.cls","CStateRepository",".cls","199","========================================================================== Repository конечных named-state одного LC ========================================================================== CStateRepository хранит все конечные named-state, которые должны попасть в Results snapshot, и отдельно держит кэш переиспользуемых физических состояний. Неуспешные попытки solve можно сохранить для вывода статуса/диагностики, но FindEquivalent их не возвращает: новый solve с другим warm-start должен оставаться возможным.","8","14","0","Pending"
"src/Batch/CStateRequest.cls","CStateRequest",".cls","105","========================================================================== Запрос именованного НДС ========================================================================== CStateRequest отделяет физический запрос состояния от технических настроек решения. В ключ переиспользования входят только величины, которые определяют сам результат: тип named-state, целевые N/Mx/My, роль и спецификация материалов, а также фактический режим диаграммы. Warm-start, стартовая плоскость и retry-политика в ключ не входят: они меняют шанс сходимости, но не должны создавать другое физическое состояние.","9","12","0","Pending"
"src/Batch/CStrengthResult.cls","CStrengthResult",".cls","134","========================================================================== Сводный результат расчетов по модели прочности одного сочетания ========================================================================== CStrengthResult является промежуточным корневым узлом result-tree для direct state и capacity. Он не знает о профилях, Config и таблицах Results: сюда складываются уже полученные CDirectStateResult и CCapacityResult.  Объект является источником typed meta для вывода strength-блока: writer-ы получают внешний статус через CResultStatusPolicy, а не выводят его из текста ошибок.","9","13","0","Pending"
"src/Common/CLoadPathDescriptor.cls","CLoadPathDescriptor",".cls","292","========================================================================== Универсальная lambda-траектория поиска предельной точки ========================================================================== CLoadPathDescriptor переводит пользовательский выбор Auto, lambda*Mx, lambda*My, lambda*Mxy, lambda*N или lambda*NMxy в единую математическую форму общего LimitSearch для несущей способности и образования трещины:      Target(lambda) = Offset + lambda * Base  Класс не ищет равновесие и не знает о диаграммах материалов. Его задача - один раз разобрать строку из таблицы сочетаний, отделить постоянную часть нагрузки от масштабируемой и сохранить служебные признаки, которые нужны batch-слою для выбора численной политики: есть ли вообще масштабируемая нагрузка и является ли путь фактически силовым осевым случаем.","14","26","0","Pending"
"src/Common/CLoadPathMath.cls","CLoadPathMath",".cls","184","========================================================================== Общая математика lambda-траектории нагрузки ========================================================================== CLoadPathMath является единым низкоуровневым расчетным классом для задач, где расчетная точка должна лежать на прямой нагрузки:      Target(lambda) = Offset + lambda * Base  Класс не знает, какой предел ищется: несущая способность, образование трещины или другой критерий. Он только выбирает устойчивую опорную компоненту lambda, строит две независимые невязки попадания на траекторию и нормирует их через допуски равновесия solver-а. Поэтому capacity и crack не должны держать собственные копии этой математики.","13","9","0","Pending"
"src/Common/CLoadPathVector.cls","CLoadPathVector",".cls","99","========================================================================== Универсальная lambda-траектория нагрузки ========================================================================== CLoadPathVector хранит только математическую форму нагрузки:      Target(lambda) = Offset + lambda * Base  Класс не знает о несущей способности, трещинах, пользовательских ключах LoadPath и нормативных ветках. Его задача - быть единственным местом, где для расчетного ядра собираются N, Mx и My по заданному lambda. Более высокие классы сами решают, что физически означает Offset/Base.","11","12","0","Pending"
"src/Common/CMomentZeroFilter.cls","CMomentZeroFilter",".cls","67","========================================================================== Инженерный фильтр практически нулевого момента ========================================================================== CMomentZeroFilter отделяет физически значимый малый момент от численного мусора после переноса точки приложения нагрузки, поворота осей или фильтра устойчивости. Это не solver tolerance: внутренние малые допуски решателей остаются для математики итераций, а этот класс используется до выбора расчетной ветки и начального приближения.  Настройка задается как момент на единицу габарита сечения. Для каждой плоскости порог считается по бетонному габариту:      Mtol = Calculation.ZeroMomentPerDepth * h  Если Abs(M) <= Mtol, момент зануляется. Слишком большое значение настройки может обнулить уже инженерно значимый малый момент, поэтому пользователь должен выбирать его осознанно.","17","5","0","Pending"
"src/Common/CResultMeta.cls","CResultMeta",".cls","202","========================================================================== МЕТАДАННЫЕ РАСЧЕТНОГО РЕЗУЛЬТАТА ========================================================================== CResultMeta хранит машинную оценку результата: внутренний статус, код причины, пользовательский комментарий и техническую диагностику. Объект не решает, как это будет выглядеть на листе Results: внешний статус OK/FAIL/ NumFail/N/A формирует CResultStatusPolicy.  ResultMeta является постоянным машинным контрактом между расчетными слоями, batch-orchestration и writer-ами. Внешний текстовый статус получается только через CResultStatusPolicy.","11","20","0","Pending"
"src/Common/CResultStatusPolicy.cls","CResultStatusPolicy",".cls","239","========================================================================== ПОЛИТИКА ВНЕШНИХ СТАТУСОВ РЕЗУЛЬТАТОВ ========================================================================== CResultStatusPolicy является единственным местом, где типизированные InternalStatus + ResultCode + ResultKind превращаются в пользовательский display-статус. Класс не читает Excel, не запускает расчеты и не анализирует численные диаграммы: он только применяет согласованный словарь вывода.","7","18","0","Pending"
"src/Common/CSectionLoadState.cls","CSectionLoadState",".cls","170","========================================================================== Нагрузка сечения относительно точки приложения ========================================================================== CSectionLoadState хранит один расчетный вектор N + Mx + My и знает, где приложена продольная сила. Класс не решает НДС и не выбирает расчетную ветку; его единственная ответственность - централизованно переносить моменты между точкой приложения нагрузки, произвольной расчетной точкой и внутренним началом координат CSectionModel.  Все моменты при выдаче проходят через CMomentZeroFilter, если он передан. Поэтому одинаковая семантика ""практически нулевого момента"" используется перед Stability, DirectState, Capacity и Crack.","12","20","0","Pending"
"src/Common/modCalculationPurpose.bas","modCalculationPurpose",".bas","306","========================================================================== ТИПИЗИРОВАННЫЕ РОЛИ МАТЕРИАЛЬНЫХ МОДЕЛЕЙ И NAMED STATES ========================================================================== Модуль держит общие enum-ы и преобразование текста из Config/Results в типизированные значения. Здесь нет формул СП и построения диаграмм: физическую модель строит CMaterialModelProvider, а solver получает уже готовый CMaterialDiagram.","7","18","0","Pending"
"src/Common/modGeometryTypes.bas","modGeometryTypes",".bas","106","========================================================================== Общие геометрические константы и типы ========================================================================== Модуль содержит небольшие общие определения, которыми пользуются геометрия, раскладчики арматуры и расчетные модели. Здесь не должно быть логики конкретной формы сечения или обращения к Excel: только простые константы и функции, одинаково полезные всем геометрическим слоям. Сумма сохраняет исходное значение Double после округления литералов редактором VBA до 15 цифр; повторная компиляция не должна менять точки контура на границе.","9","4","0","Pending"
"src/Common/modResultStatus.bas","modResultStatus",".bas","126","========================================================================== ТИПИЗИРОВАННЫЕ СТАТУСЫ И КОДЫ РЕЗУЛЬТАТОВ ========================================================================== Модуль задает общий внутренний язык результата расчета. Эти enum-ы не являются пользовательским выводом: наружные строки формирует CResultStatusPolicy, а цвета - modStatusFormatting. Инженерные классы должны передавать дальше именно InternalStatus + ResultCode, чтобы writer-ы не парсили StopReason.","7","3","0","Pending"
"src/Common/modSolverWorkStats.bas","modSolverWorkStats",".bas","27","========================================================================== Единый счетчик тяжелых запусков CSectionSolver ========================================================================== Модуль хранит один общий для расчетного запуска счетчик фактических попыток найти равновесное НДС через CSectionSolver.Solve. Верхние уровни batch, capacity и crack не должны восстанавливать это число через свои итерации: источником правды является сам CSectionSolver.","7","3","0","Pending"
"src/Crack/CCrackFormationCalculator.cls","CCrackFormationCalculator",".cls","2352","========================================================================== Образование нормальной трещины ========================================================================== Владелец инженерной постановки трещинообразования: material spec, физический критерий бетона, результаты Pre/PostCrackState. Общий LoadPath и порядок Auto-попыток задает CLimitSearchCoordinator. Численные bracket/Newton выполняют общие CLimitSearch*-классы; обычное НДС решается общим State pipeline. Здесь нет зоны As/Abt, sigma_s, psi или формулы ширины. Width получает только готовый CCrackFormationResult.","9","142","0","Pending"
"src/Crack/CCrackFormationResult.cls","CCrackFormationResult",".cls","222","========================================================================== Результат проверки образования нормальной трещины ========================================================================== CCrackFormationResult отделяет search-этап Ncrc/Mcrc от расчета ширины. Здесь хранится только итог проверки образования трещины: была ли достигнута расчетная точка, какой путь сработал, какие усилия найдены и какие named-state PreCrackState/PostCrackState доступны downstream-слоям.  Класс не запускает solver и не решает, как статус будет выглядеть на листе. Внешний OK/FAIL/NumFail/N/A формирует CResultStatusPolicy по ResultMeta.","10","25","0","Pending"
"src/Crack/CCrackResult.cls","CCrackResult",".cls","139","========================================================================== Сводный результат расчета трещин одного LC ========================================================================== CCrackResult объединяет три самостоятельных смысловых результата: образование нормальной трещины, ширину раскрытия нормальной трещины и продольные трещины по сжатому бетону. Он не пишет Results и не запускает solver; это контейнер result-tree между orchestration-слоем и batch-снимком.","7","11","0","Pending"
"src/Crack/CCrackWidthCalculator.cls","CCrackWidthCalculator",".cls","1380","========================================================================== Подготовка данных и расчет ширины нормальной трещины ========================================================================== По готовому FormationResult и текущему CrackedState выбирает tension zone, арматуру, Abt/As/ds/ls, sigma_s/sigma_s,crc и коэффициенты. Численное трещинообразование принадлежит CCrackFormationCalculator; здесь нет Search, solver retries, Pre/Post solves или собственного рабочего formation-контекста. Чистые численные методы формулы a_crc отделены от подготовки зоны и статусов.","8","96","0","Pending"
"src/Crack/CCrackWidthResult.cls","CCrackWidthResult",".cls","249","========================================================================== Результат расчета ширины раскрытия нормальной трещины ========================================================================== CCrackWidthResult хранит итог формульного этапа a_crc и все подготовленные инженерные величины, по которым пользователь может проверить расчет вручную. Если обязательные данные отсутствуют, orchestration-слой формирует ResultMeta rsBlockedByDependency или rsNotApplicable, а чистая формула при этом не вызывается. Точка Formation не является обязательной зависимостью: при ее отсутствии calculator может получить ширину по текущему НДС с psi_s = 1.","9","31","0","Pending"
"src/Crack/CLongitudinalCrackCalculator.cls","CLongitudinalCrackCalculator",".cls","94","========================================================================== Проверка продольных трещин по уже найденному CurrentCrackedState ========================================================================== Класс не запускает CSectionSolver и не выбирает диаграммы материалов. Он получает готовое равновесное состояние с трещинами, берет из него максимальное сжатие бетона и оформляет самостоятельный result-объект продольных трещин. Если обязательное состояние не получено или не может использоваться физически, проверка помечается как заблокированная зависимостью, а не как новая численная несходимость формульного этапа.","9","4","0","Pending"
"src/Crack/CLongitudinalCrackResult.cls","CLongitudinalCrackResult",".cls","96","========================================================================== Результат проверки продольных трещин ========================================================================== CLongitudinalCrackResult хранит инженерский итог проверки сжатого бетона по максимальному напряжению текущего CrackedState. Проверка не решает НДС сама: при отсутствии обязательного CurrentCrackedState orchestration-слой должен передать meta rsBlockedByDependency, а внешний N/A сформирует policy.","7","10","0","Pending"
"src/Excel/CAutoCADSectionModelImporter.cls","CAutoCADSectionModelImporter",".cls","600","========================================================================== Импорт расчетной сетки из AutoCAD Region ========================================================================== Импортер читает активный чертеж AutoCAD и превращает Region на заданных слоях бетона и арматуры в CSectionModel. После этого расчетное ядро уже не знает, что геометрия пришла из AutoCAD: оно видит те же бетонные элементы и арматуру, что и при автоматической генерации.  Класс не выполняет расчет и не пишет Results. Его ответственность - только аккуратно отфильтровать AutoCAD-сущности и заполнить модель сечения.","10","32","0","Pending"
"src/Excel/CBatchResultWriter.cls","CBatchResultWriter",".cls","850","========================================================================== Сводка пакетного расчета на листе Results ========================================================================== Writer формирует верхний диапазон rngBatchSummary как якорную компактную сводку по всем сочетаниям. В ней остаются только выбранное Worst-сочетание, статусы проверок и минимальные коэффициенты запаса; подробные данные прочности, трещин и устойчивости пишутся отдельными writer-ами ниже. Расчетные алгоритмы здесь не запускаются: класс только берет готовые данные CBatchSectionCalculator и записывает их на лист одним массивом.","9","51","0","Pending"
"src/Excel/CCrackSummaryWriter.cls","CCrackSummaryWriter",".cls","882","========================================================================== Детальная таблица расчета нормальных и продольных трещин на листе Results ========================================================================== Класс пишет отдельный блок от якоря rngCrackSummaryAnchor. Расчет здесь не выполняется: writer берет уже сохраненные в CBatchSectionCalculator нагрузки, стадии трещинообразования, параметры ширины раскрытия и проверку продольных трещин, переводит их в пользовательские единицы и оформляет таблицу.  Верхний rngBatchSummary остается компактной сводкой, а этот блок раскрывает расчет трещин по сочетаниям. Пустой столбец между левой частью и подробным блоком специально остается без рамок и заливки, как в таблице устойчивости.","11","54","0","Pending"
"src/Excel/CExcelAppStateGuard.cls","CExcelAppStateGuard",".cls","77","========================================================================== Временный быстрый режим Excel ========================================================================== Класс на время длинного пользовательского сценария переводит текущий экземпляр Excel в режим, который меньше зависит от других открытых книг: отключает события, экранное обновление, предупреждения и автоматический пересчет. Это не меняет расчетную модель NDM, а только защищает макрос от лишней работы Excel-оболочки.  Важно: настройки Excel.Application общие для всех книг в одном процессе Excel. Поэтому guard должен жить только внутри одного макроса и обязан восстановить исходные значения при любом завершении, включая ошибку.","12","3","0","Pending"
"src/Excel/CExecutionReport.cls","CExecutionReport",".cls","649","========================================================================== Человекочитаемый отчет выполнения расчета ========================================================================== Класс собирает короткий пошаговый журнал пользовательского запуска: чтение настроек, построение модели, обработку сочетаний, запись Results и обновление схемы. Также форматирует готовую диагностику решателей для пользователя, не изменяя исходные журналы, результаты и инженерные статусы.  Отчет накапливается в памяти и записывается одним действием в txt-файл рядом с книгой. Такой подход не замедляет горячие расчетные циклы и не размазывает работу с файловой системой по solver-ам.","11","42","0","Pending"
"src/Excel/CLoadCombinationReader.cls","CLoadCombinationReader",".cls","181","========================================================================== Чтение таблицы сочетаний нагрузок ========================================================================== Reader переносит строки rngLoadCombinations в CBatchSectionCalculator. Пустой Mx или My считается нулем, полностью нулевая строка нагрузок пропускается, а неполные/некорректные строки сохраняются как InvalidInput, чтобы пользователь увидел их в отчете.  Если передан CUnitSystem, усилия сразу переводятся из INPUT-единиц и пользовательской системы знаков во внутреннюю систему расчетного ядра. Загружает сочетания из именованного диапазона книги.","11","9","0","Pending"
"src/Excel/CNDMResultsWriter.cls","CNDMResultsWriter",".cls","1652","========================================================================== Запись расчетного снимка на Results ========================================================================== Класс получает уже посчитанную модель сечения и результаты batch-расчета, переводит их в выбранные OUTPUT-единицы и записывает на лист Results одним согласованным снимком последнего успешного расчета.  Writer не запускает solver, не генерирует геометрию и не читает текущие Inputs. Он только сериализует то состояние, которое уже рассчитано.  Этот writer не является подробной таблицей расчета по модели прочности: он пишет общий snapshot, включая строки named-state StrengthState, CapacityState, CrackedState и т.п. Отдельный блок ""НДС и несущая способность по модели прочности"" от rngStrengthSummaryAnchor оформляет CStrengthSummaryWriter.","15","91","0","Pending"
"src/Excel/CPlotAnnotationLayout.cls","CPlotAnnotationLayout",".cls","568","========================================================================== Компоновка аннотаций схемы ========================================================================== Класс получает уже готовый semantic-набор аннотаций: размерные линии и групповые подписи арматуры. Он не решает, какие размеры нужны конкретному сечению, и не определяет состав арматуры по координатам.  Его задача ниже по pipeline: перевести модельные координаты сечения в координаты Chart, применить общие визуальные отступы, масштаб текста, стрелки и простую защиту от наложения подписей.","10","42","0","Pending"
"src/Excel/CSectionPlotDataReader.cls","CSectionPlotDataReader",".cls","987","========================================================================== Чтение данных схемы из Results ========================================================================== Reader собирает из сохраненного Results-снимка геометрию, LC-зависимые Stress/Strain, свойства сечения и semantic-аннотации. Он объединяет rngNDMSectionGeometry с rngNDMElementResults по ElementID и отдает Plotter-у уже готовую модель отображения.  Reader не запускает расчет и не читает текущую геометрию Config. Длины и кривизны из Results он переводит обратно во внутренние мм/1 мм только для согласованной отрисовки схемы; Stress/Strain остаются сохраненными значениями.","11","94","0","Pending"
"src/Excel/CSectionPlotter.cls","CSectionPlotter",".cls","2430","========================================================================== Excel-схема расчетного сечения ========================================================================== CSectionPlotter рисует схему по данным, которые уже прочитал CSectionPlotDataReader из листа Results. Он не запускает solver, не смотрит текущие исходные данные Config и не пересчитывает единицы: схема всегда показывает сохраненный результат последнего расчета.  Расчетные элементы на обычных и средних сетках выводятся как Chart.Shapes: так сохраняется фактический размер каждого бетонного волокна и стержня, а лимит Excel Chart по числу series не заставляет раньше времени укрупнять раскраску. Bucket-series остаются fallback-ом для очень больших сеток.","12","127","0","Pending"
"src/Excel/CSectionTypeRegistry.cls","CSectionTypeRegistry",".cls","233","========================================================================== Реестр поддерживаемых типов сечений ========================================================================== Registry - единственная точка, где строка Geometry.Type из Config сопоставляется с конкретным набором классов формы: CGeometry*, *RebarLayoutBuilder и *AnnotationBuilder. Он не должен знать внутреннюю структуру таблиц граней и рядов конкретного сечения: такие детали остаются внутри специализированных builders. Отдельные provider-классы здесь сознательно не используются, чтобы новый тип сечения требовал не более трех новых специализированных классов и одной регистрации в этом registry.","10","6","0","Pending"
"src/Excel/CStabilitySummaryWriter.cls","CStabilitySummaryWriter",".cls","901","========================================================================== Детальная таблица продольного изгиба и устойчивости на листе Results ========================================================================== Класс пишет отдельный блок от якоря rngStabilitySummaryAnchor. Расчет здесь не выполняется: writer только берет уже сохраненные в batch величины устойчивости, переводит их в пользовательские единицы и оформляет таблицу.  Верхний rngBatchSummary остается компактной общей сводкой, а этот блок дает подробную расшифровку по главным плоскостям и выбранному нормативу СП 35/СП 63.","9","79","0","Pending"
"src/Excel/CStrengthSummaryWriter.cls","CStrengthSummaryWriter",".cls","828","========================================================================== Подробная таблица НДС по прочности и несущей способности на листе Results ========================================================================== Класс пишет отдельный блок от якоря rngStrengthSummaryAnchor: прямое НДС заданного сочетания по модели прочности и расчет предельной несущей способности по той же strength-модели. Расчет здесь не выполняется: writer берет уже сохраненные named states StrengthState и CapacityState, переводит величины в пользовательские единицы и оформляет таблицу. Верхний rngBatchSummary остается компактной сводкой, а этот блок раскрывает именно результаты НДС по модели прочности, включая несущую способность.  Для отсутствующих физических зон writer оставляет пустые ячейки. Например, если в диаграмме бетона растяжение отключено или все сечение растянуто, то сжатые/растянутые деформации и напряжения не подменяются ближайшими значениями другого знака.","15","53","0","Pending"
"src/Excel/CSystemSettingsReader.cls","CSystemSettingsReader",".cls","1226","========================================================================== Чтение настроек Config и параметров материалов ========================================================================== Reader проходит по именованным диапазонам Config, собирает пары ключ/значение и разворачивает специальные таблицы материалов в те же ключи словаря. Материальные диаграммы больше не читаются как пользовательский набор точек: точки строит CMaterialModelProvider по параметрам бетона/арматуры и выбранному расчетному режиму.  Класс не делает инженерных расчетов. Его задача - надежно прочитать ввод и дать понятную ошибку, если обязательный ключ или таблица отсутствуют.","11","72","0","Pending"
"src/Excel/CUnitSystem.cls","CUnitSystem",".cls","398","========================================================================== Централизованный пересчет единиц и пользовательских знаков ========================================================================== CUnitSystem - единственное место, где внешние INPUT/OUTPUT единицы и пользовательская система знаков переводятся во внутреннюю систему ядра и обратно. Solver-ы работают только во внутренних единицах и не должны знать, ввел пользователь силы в Н, кН или tf.  Важно: OUTPUT-знак применяется при записи результатов, а не повторно при построении схемы из уже сохраненного Results.","10","55","0","Pending"
"src/Excel/modAutoCADStressExport.bas","modAutoCADStressExport",".bas","1898","========================================================================== Экспорт последнего расчета в AutoCAD ========================================================================== Модуль читает сохраненные таблицы Results и строит в AutoCAD области, подписи, главные оси, нейтральную линию и точку приложения нагрузки. Он не хранит модель сечения между макросами и не запускает AutoCAD import заново при экспорте.","7","95","0","Pending"
"src/Excel/modStatusFormatting.bas","modStatusFormatting",".bas","50","========================================================================== Цветовое оформление пользовательских статусов Results ========================================================================== Модуль хранит единую палитру статусов для Excel-вывода. Расчетные классы формируют типизированную ResultMeta, общий CResultStatusPolicy назначает внешний код, а writer-ы применяют цвет на последнем шаге оформления Results. Возвращает утвержденный цвет фона для пользовательского статуса.","7","3","0","Pending"
"src/Excel/modWorkbookCalculation.bas","modWorkbookCalculation",".bas","1086","========================================================================== Точки входа Excel-макросов ========================================================================== Модуль связывает кнопки книги с архитектурными слоями: чтение Config, построение CSectionModel, запуск batch-расчета, запись Results, обновление схемы и экспорт в AutoCAD. Сложная математика остается в классах solver-ов, а этот модуль держит пользовательский сценарий целиком.","7","47","0","Pending"
"src/Geometry/CFiberMeshBuilder.cls","CFiberMeshBuilder",".cls","247","========================================================================== Генератор бетонной расчетной сетки ========================================================================== CFiberMeshBuilder разбивает бетонную геометрию на конечные волокна заданного шага. На выходе получается набор центров и площадей бетонных элементов, который затем переносится в CSectionModel.  Класс не знает о нагрузках, материалах и solver-ах: он отвечает только за геометрическую дискретизацию бетонной области.","9","14","0","Pending"
"src/Geometry/CGeometryCircle.cls","CGeometryCircle",".cls","180","========================================================================== Математическая геометрия круглого сечения ========================================================================== Класс хранит диаметр круга и отвечает на геометрические вопросы: габариты, принадлежность точки области и контур для визуального вывода. Арматура и подписи рядов формируются отдельными builder-ами.","6","26","0","Pending"
"src/Geometry/CGeometryHollowRectangle.cls","CGeometryHollowRectangle",".cls","438","========================================================================== Пустотелый скругленный прямоугольник ========================================================================== Класс описывает параметрическую бетонную область HollowRectangle: внешний скругленный прямоугольник минус внутреннее отверстие Opening. Расчетное ядро видит обычную ISectionGeometry: ContainsPoint, габариты, площадь и центр.  Внешний и внутренний контуры построены на уже проверенной математике CGeometryRoundedRectangle. Этот класс только задает ответственность ""наружный контур - отверстие"" и предоставляет дополнительные методы для арматуры/аннотаций, которым нужны отдельные петли контура.","11","43","0","Pending"
"src/Geometry/CGeometryRectSet.cls","CGeometryRectSet",".cls","378","========================================================================== Математическая геометрия RectSet: одного или двух прямоугольников ========================================================================== Класс описывает бетон как один верхний прямоугольник либо как объединение верхнего и нижнего прямоугольников. H1/B1 - верхний прямоугольник, H2/B2 - нижний. В режиме LSection верхний прямоугольник стоит слева над нижним прямоугольником. В режиме TwoRectangles верхний прямоугольник можно смещать по X относительно этого базового положения.","8","48","0","Pending"
"src/Geometry/CGeometryRoundedRectangle.cls","CGeometryRoundedRectangle",".cls","1185","========================================================================== Математическая геометрия скругленного прямоугольника с Simple/Tapered торцами ========================================================================== Класс описывает бетонную область RoundedRectangle: центральный прямой участок B x H и независимые левую/правую боковые части. Боковая часть может быть Simple - вертикальная вставка с радиусами R1, либо Tapered - скругленное сопряжение R1, наклонные участки и носовой радиус R2.  Для расчетного ядра класс остается обычной ISectionGeometry: дает габариты, ContainsPoint, расчетную площадь/центр по дискретизированному контуру и смысловые точки для арматуры/аннотаций. Сетка, NDM и solver не знают о внутреннем устройстве торцов.","12","73","0","Pending"
"src/Interfaces/ILimitSearchProblem.cls","ILimitSearchProblem",".cls","282","========================================================================== Контракт доменной задачи для общего LimitSearch ========================================================================== Интерфейс отделяет одномерный численный search от инженерной задачи. Capacity и CrackFormation предоставляют одинаковые операции: подготовить путь, оценить одну lambda-точку, классифицировать пробу и принять итог. Сам search после этого не знает, какой доменный калькулятор стоит за callback-ом. Возвращает тип результата, для которого выполняется search.","8","55","0","Pending"
"src/Interfaces/ISectionGeometry.cls","ISectionGeometry",".cls","69","========================================================================== Контракт бетонной геометрии ========================================================================== Интерфейс описывает только математическую форму бетонной части сечения: попадает ли точка внутрь, какие габариты у модели и как дискретизировать контур. Он не знает об Excel, арматуре, Results и расчетных solver-ах. Минимальная X-координата габаритного прямоугольника бетонной формы.","7","10","0","Pending"
"src/Materials/CConcreteMaterialParameters.cls","CConcreteMaterialParameters",".cls","186","========================================================================== Параметры бетона для построения диаграмм ========================================================================== Класс хранит пользовательские характеристики бетона, которые являются исходными данными для программного построения TwoLine/ThreeLine диаграмм по СП 63. Он не строит диаграммы сам и не участвует в solver-е.  Пользователь задает сопротивления и модули напрямую в Config. Класс не подбирает их по классу бетона и не заменяет введенные характеристики.","9","18","0","Pending"
"src/Materials/CLinearConcreteMaterial.cls","CLinearConcreteMaterial",".cls","58","========================================================================== Упрощенный линейный бетонный материал для тестов и проверок ========================================================================== Класс реализует простой закон sigma = E * epsilon с ограничениями, где это нужно старым тестам. Основной пользовательский расчет должен идти через CMaterialDiagram и таблицу параметров построения диаграммы.","6","5","0","Pending"
"src/Materials/CLinearSteelMaterial.cls","CLinearSteelMaterial",".cls","58","========================================================================== Упрощенный линейный материал арматуры для тестов ========================================================================== Класс нужен для малых эталонных задач, где важно проверить равновесие и матрицы solver-а без нелинейной диаграммы. В пользовательском сценарии арматура обычно задается CMaterialDiagram.","6","5","0","Pending"
"src/Materials/CMaterialDiagram.cls","CMaterialDiagram",".cls","436","========================================================================== Универсальная кусочно-линейная диаграмма материала ========================================================================== Класс хранит только готовые точки диаграммы ""деформация - напряжение"" во внутренних единицах проекта: деформация безразмерная, напряжение в МПа. Он не знает, для какого материала построена диаграмма, по какой группе предельных состояний она нужна и какой расчетный режим ее запросил.  Все нормативные решения остаются выше, в CMaterialModelProvider: выбор I/II ГПС, выбор TwoLine/ThreeLine, сопротивлений R и режима растянутого бетона. Solver получает уже готовый объект и вызывает общий материалный контракт: StressAtStrain/GetStress, GetTangentModulus и GetSecantModulus.","12","30","0","Pending"
"src/Materials/CMaterialModelProvider.cls","CMaterialModelProvider",".cls","888","========================================================================== ЕДИНАЯ ТОЧКА ПОЛУЧЕНИЯ РАСЧЕТНЫХ ДИАГРАММ МАТЕРИАЛОВ ========================================================================== Provider получает исходные параметры бетона и арматуры, читает режимы расчетов с листа Config и строит готовые CMaterialDiagram для физических целей Strength, CrackInitiation и CrackedNDS. В этом классе остается выбор I/II ГПС, сопротивлений R/Rser, типа TwoLine/ThreeLine и режима растянутого бетона.  Для задач равновесия provider может вернуть диаграмму с numerical extension: малой технической ветвью за физическим пределом активной диаграммы. Это вспомогательный численный режим для solver-а. Физические диаграммы, пределы деформаций и инженерные критерии остаются исходными и не расширяются.","13","72","0","Pending"
"src/Materials/CMaterialModelSpec.cls","CMaterialModelSpec",".cls","99","========================================================================== СПЕЦИФИКАЦИЯ МАТЕРИАЛЬНОЙ МОДЕЛИ ПРОФИЛЯ ========================================================================== CMaterialModelSpec хранит ровно тот набор пользовательских переключателей, по которому CMaterialModelProvider строит бетонную и арматурную диаграммы: ULS(I)/SLS(II), TwoLine/ThreeLine, учет растянутого бетона и тип диаграммы стали.  Класс не строит диаграммы и не знает формул СП. Его задача - зафиксировать выбранную спецификацию в памяти результата, чтобы writer мог воспроизвести именно рассчитанное состояние, даже если другой профиль использует ту же роль материальной модели с другими настройками.","11","13","0","Pending"
"src/Materials/CSteelMaterialParameters.cls","CSteelMaterialParameters",".cls","164","========================================================================== Параметры арматуры для построения диаграмм ========================================================================== Класс хранит только исходные характеристики ненапрягаемой арматуры. Он не выбирает расчетный режим, не строит диаграмму и не содержит настроек трещин. Готовую CMaterialDiagram по этим параметрам строит CMaterialModelProvider, а solver работает уже с универсальной диаграммой.  Rsc,ser и Esc оставлены как программные пользовательские параметры для симметрии сжатой и растянутой ветви и для исследовательских сценариев. Отдельные нормативные обозначения Rsc,ser и Esc для обычной арматуры в СП 63 не вводятся, поэтому типовые defaults: Rsc,ser = Rs,ser, Esc = Es.","12","15","0","Pending"
"src/Section/CCircleAnnotationBuilder.cls","CCircleAnnotationBuilder",".cls","42","========================================================================== Semantic-аннотации круглого сечения ========================================================================== Builder знает, какие размеры и подписи имеют смысл именно для Circle: внешний контур круга, диаметр и групповая подпись арматуры по окружности. Он передает только model-координаты; Excel Chart здесь не участвует.","6","1","0","Pending"
"src/Section/CCircleRebarLayoutBuilder.cls","CCircleRebarLayoutBuilder",".cls","268","========================================================================== Автоматическая раскладка арматуры круглого сечения ========================================================================== Builder расставляет первый, второй и третий ряды стержней по окружности: Stacked уводит дополнительный ряд к центру, SideBySide смещает по касательной по часовой стрелке. Если первого ряда нет, дополнительные ряды не создаются.","6","13","0","Pending"
"src/Section/CHollowRectAnnotationBuilder.cls","CHollowRectAnnotationBuilder",".cls","97","========================================================================== Semantic-аннотации HollowRectangle ========================================================================== Builder записывает в Results точный внешний контур, контур Opening, основные размерные линии и групповые подписи арматуры. Расчетные волокна, материалы и solver-ы здесь не создаются: это только слой визуализации/AutoCAD export. Формирует все аннотации для последнего расчетного снимка.","7","3","0","Pending"
"src/Section/CHollowRectRebarLayoutBuilder.cls","CHollowRectRebarLayoutBuilder",".cls","822","========================================================================== Автоматическая раскладка арматуры HollowRectangle ========================================================================== Builder читает таблицу пустотелого скругленного прямоугольника и создает обычный CRebarLayout. Наружные грани H/B получают заданное пользователем количество стержней, а внутренние грани Opening заполняются проекциями стержней соответствующей наружной грани по нормали к линии раскладки.  Для внешних граней ""внутрь"" направлено к телу бетонного кольца от наружного контура. Для внутренних граней Opening ""внутрь"" направлено от пустоты в бетон, то есть в противоположную сторону относительно нормали в отверстие.","11","42","0","Pending"
"src/Section/CRebarGroupAnnotationBuilder.cls","CRebarGroupAnnotationBuilder",".cls","86","========================================================================== Сборка групповых подписей арматуры ========================================================================== Класс объединяет стержни одной смысловой грани в компактный текст вида 6Ø32 или 6Ø32 + 3Ø20. Он не ищет стержни по координатам: принадлежность к грани должна прийти от конкретного rebar builder-а.","6","2","0","Pending"
"src/Section/CRebarLayout.cls","CRebarLayout",".cls","247","========================================================================== Промежуточный список стержней до CSectionModel ========================================================================== CRebarLayout хранит координаты, диаметры и диагностические подписи стержней, сформированных раскладчиком. Затем CSectionModelBuilder переносит эти данные в единую расчетную модель и присваивает расчетные имена R1/R2/....","6","23","0","Pending"
"src/Section/CRectSetAnnotationBuilder.cls","CRectSetAnnotationBuilder",".cls","87","========================================================================== Semantic-аннотации RectSet-сечения ========================================================================== Builder знает смысл верхнего и нижнего прямоугольников: общий габарит, размеры активных прямоугольников и линии арматуры. Он формирует CPlotDimension и CPlotRebarLabel, но не решает, как эти подписи будут разведены по lanes на листе.","7","3","0","Pending"
"src/Section/CRectSetRebarLayoutBuilder.cls","CRectSetRebarLayoutBuilder",".cls","768","========================================================================== Автоматическая раскладка арматуры RectSet-сечения ========================================================================== Builder читает таблицу граней H1/B1/H2/B2, расставляет стержни первого ряда и при необходимости добавляет второй/третий ряды. В режиме Rectangle активны только грани верхнего прямоугольника H1/B1; LSection формирует Г-сечение; в TwoRectangles верхний прямоугольник может быть смещен по X. Builder также формирует semantic-группы для подписей вида 6Ø32 + 3Ø20.","8","58","0","Pending"
"src/Section/CRoundedRectAnnotationBuilder.cls","CRoundedRectAnnotationBuilder",".cls","133","========================================================================== Semantic-аннотации скругленного прямоугольника ========================================================================== Builder формирует контур, размеры B/H, при необходимости W левой/правой tapered-части и групповые подписи арматуры. Он не строит расчетную сетку и не принимает решений по NDM: это только semantic-слой для Results/схемы.","6","5","0","Pending"
"src/Section/CRoundedRectRebarLayoutBuilder.cls","CRoundedRectRebarLayoutBuilder",".cls","506","========================================================================== Автоматическая раскладка арматуры RoundedRectangle ========================================================================== Builder читает таблицу скругленного прямоугольника: общие размеры B/H, левую/правую боковую геометрию Simple/Tapered и четыре смысловые линии арматуры H-left/H-right/B-top/B-bottom. На выходе создается обычный CRebarLayout; расчетное ядро дальше работает с ним так же, как с Circle или RectSet.","8","31","0","Pending"
"src/Section/CSectionAnnotations.cls","CSectionAnnotations",".cls","198","========================================================================== Контейнер semantic-аннотаций рассчитанного сечения ========================================================================== Здесь хранятся не расчетные результаты, а смысловые подсказки для вывода: контур, характерные размеры и групповые подписи арматуры. Аннотации задаются в координатах модели и позже сериализуются в rngNDMSectionAnnotations.","6","22","0","Pending"
"src/Section/CSectionModel.cls","CSectionModel",".cls","841","========================================================================== Унифицированная расчетная модель сечения ========================================================================== CSectionModel - это единственный формат геометрии, который видит расчетное ядро. Неважно, пришла сетка из встроенного генератора или из AutoCAD import: ниже по цепочке solver получает один и тот же набор бетонных элементов, стержней арматуры и semantic-аннотаций для вывода.  Важно: расчетные имена элементов C1/R1 создаются здесь. Генераторы геометрии и импорт из AutoCAD не должны придумывать собственный формат имен для расчетного ядра.","11","63","0","Pending"
"src/Section/CSectionModelBuilder.cls","CSectionModelBuilder",".cls","47","========================================================================== Сборка CSectionModel из сетки бетона и раскладки арматуры ========================================================================== Builder соединяет результат геометрической дискретизации и арматурный layout в один CSectionModel. Это тонкий адаптер: он не решает равновесие, не читает Excel и не создает semantic-аннотации конкретной формы сам по себе.","6","1","0","Pending"
"src/Section/CSectionPropertiesCalculator.cls","CSectionPropertiesCalculator",".cls","816","========================================================================== Геометрические свойства сечения ========================================================================== Класс считает площадь, центр тяжести, моменты инерции и главные центральные оси для двух инженерных представлений одной CSectionModel.  CalculateConcrete работает только по бетонным конечным элементам. Этот центр используется как базовая точка задания пользовательских нагрузок, потому что внешние расчетные модели обычно привязаны к бетонному поперечному сечению без учета продольной арматуры.  CalculateTransformed считает приведенное сечение бетон + арматура. Эти свойства нужны для справочного вывода, главных осей, ядровых расстояний и нормативных расчетов, где СП прямо требует центр приведенного сечения. Пользовательская точка Load.ReferenceOffset при этом остается привязанной к бетонному центру; перенос к приведенному центру выполняет вызывающий код.","16","48","0","Pending"
"src/Solver/CCapacityCalculator.cls","CCapacityCalculator",".cls","322","========================================================================== Инженерная обвязка расчета несущей способности ========================================================================== CCapacityCalculator собирает один capacity-запрос поверх общей CLimitSearch-архитектуры. Он не хранит batch-строку, не пишет Results и не выбирает худшее сочетание. Его задача - получить уже подготовленные сечение, материалы, load path и настройки solver-а, выполнить общий LimitSearch и вернуть CCapacityResult.  Такой слой скрывает детали CCapacitySolver от batch-калькулятора: batch получает готовый CCapacityResult и не разбирает внутренние шаги search.","11","11","0","Pending"
"src/Solver/CCapacityLimitSearchProblem.cls","CCapacityLimitSearchProblem",".cls","499","========================================================================== Адаптер Capacity для общего LimitSearch ========================================================================== Класс прячет CCapacitySolver за общим ILimitSearchProblem. Одномерный search работает с этим адаптером как с источником probe-функции и приемником результата, не зная о внутренних полях несущей способности.","6","59","0","Pending"
"src/Solver/CCapacityResult.cls","CCapacityResult",".cls","410","========================================================================== Инженерный результат расчета несущей способности ========================================================================== CCapacityResult отделяет найденную limit-search точку от batch-таблицы. Класс принимает уже выполненный общий LimitSearch, вытаскивает из него физически значимые capacity-величины, переносит полный предельный вектор в пользовательскую точку приложения нагрузки и при необходимости готовит named-state CapacityState для Results snapshot.  Здесь нет выбора search-алгоритма и нет чтения Config. Эти обязанности остаются соответственно в CLimitSearch* и вызывающем orchestration-слое.","11","41","0","Pending"
"src/Solver/CCapacitySolver.cls","CCapacitySolver",".cls","2059","========================================================================== Поиск несущей способности сечения ========================================================================== Класс определяет предельное состояние поверх готового решателя равновесия. Само равновесие epsilon0/kappaX/kappaY всегда ищет CSectionSolver, а здесь решается внешняя задача: какой предельный множитель или какая предельная плоскость деформаций соответствует заданному N + Mx + My.  На вход класса передается универсальная траектория нагрузки: N = N0 + lambda*Nbase, Mx = Mx0 + lambda*Mxbase, My = My0 + lambda*Mybase. Это позволяет одним алгоритмом считать lambda*Mx, lambda*My, lambda*Mxy, lambda*N и lambda*NMxy, не плодя отдельные пользовательские ветви внутри расчетного ядра.","13","153","0","Pending"
"src/Solver/CCrackLimitSearchProblem.cls","CCrackLimitSearchProblem",".cls","386","========================================================================== Адаптер CrackFormation для общего LimitSearch ========================================================================== Класс прячет CCrackFormationCalculator за общим ILimitSearchProblem. Доменный калькулятор по-прежнему хранит критерий образования трещины, Pre/Post-state и crack-диагностику, но общий search обращается к нему только через контракт.","6","57","0","Pending"
"src/Solver/CLimitSearchCoordinator.cls","CLimitSearchCoordinator",".cls","290","========================================================================== Координатор общего поиска предельной точки ========================================================================== CLimitSearchCoordinator выбирает, какой search-метод запускать для заданной lambda-траектории. Он не строит материалы, не читает Config и не записывает Results. Эти обязанности остаются у вызывающего слоя.  Координатор уже маршрутизирует Capacity и CrackFormation через один уровень выбора UltimateStrain / LoadMultiplier. Различия остаются в criterion, load path и material spec, а не в параллельной реализации search-диспетчера. Выполняет поиск несущей способности по стратегии из request. Возвращает объект результата даже при неизвестной стратегии, чтобы вызывающий слой мог единообразно обработать ошибку настройки.","13","10","0","Pending"
"src/Solver/CLimitSearchRequest.cls","CLimitSearchRequest",".cls","315","========================================================================== Запрос общего поиска предельной точки ========================================================================== CLimitSearchRequest хранит физическую постановку lambda-поиска и настройки выбора численного метода. Класс ничего не решает сам: его задача передать координатору LimitSearch уже подготовленные материалы, сечение, путь нагрузки и инженерный контекст результата.  Capacity и CrackFormation используют один и тот же уровень маршрутизации UltimateStrain / LoadMultiplier. Различаются только критерий предела, материал и смысл траектории, а не сам механизм выбора search-ветки.","11","33","0","Pending"
"src/Solver/CLimitSearchResult.cls","CLimitSearchResult",".cls","222","=========================================================================== Самодостаточный результат общего поиска предельной точки =========================================================================== Хранит численный исход, фактический метод, диагностику и подтвержденное НДС найденной точки. Не обращается к рабочему solver-у или инженерному calculator-у. Смысл физического критерия и проверка текущего LC остаются у доменной задачи. Для низкоуровневых материалов без material spec сохраняется численный вектор; production named-state передается готовым снимком.","8","23","0","Pending"
"src/Solver/CLinearSystem3x3.cls","CLinearSystem3x3",".cls","173","========================================================================== Решение маленькой линейной системы 3x3 ========================================================================== Этот класс нужен Newton/Secant-решателям для поправок epsilon0/kappaX/kappaY. Он работает только с числами, не знает о геометрии, материалах и Excel, и возвращает понятную причину отказа при вырожденной матрице.","6","9","0","Pending"
"src/Solver/CLoadMultiplierSearch.cls","CLoadMultiplierSearch",".cls","697","========================================================================== Общий LoadMultiplier-поиск предельной lambda-точки ========================================================================== Класс владеет низкоуровневой одномерной search-логикой: расширением физической скобки, Bisection/Brent/Secant, защитой Secant-кандидата и общей финализацией выбранной lambda со стороны acceptable-ветки.  Capacity и CrackFormation отличаются не алгоритмом поиска, а только тем, как оценивается одна lambda-точка и что означает найденный предел. Поэтому класс спрашивает у доменного объекта значение функции и классификацию точки, а сам управляет порядком пробных lambda. Выполняет общий LoadMultiplier независимо от инженерного вида задачи. Подготовка, начальный физический исход и приемка точки принадлежат callback-у.","13","32","0","Pending"
"src/Solver/CSectionSolver.cls","CSectionSolver",".cls","1373","========================================================================== Решатель равновесия N + Mx + My ========================================================================== Класс подбирает три параметра плоскости деформаций: epsilon0, kappaX и kappaY. По этой плоскости считаются деформации бетонных волокон и арматуры, затем материалы возвращают напряжения, а из них собираются внутренние усилия Nint, Mxint и Myint.  Здесь нет поиска несущей способности и нет чтения Excel. Capacity solver только вызывает этот класс с разными усилиями, а пользовательские единицы заранее переводятся во внутренние мм, Н, Н*мм, МПа и 1/мм.","11","94","0","Pending"
"src/Solver/CStateGuessBuilder.cls","CStateGuessBuilder",".cls","856","========================================================================== Построение стартовой плоскости для попыток StateSolution ========================================================================== CStateGuessBuilder строит только начальную плоскость деформаций epsilon0/kappaX/kappaY для очередной попытки решения равновесия. Он не выполняет Newton/Secant-итерации и не принимает решение о статусе расчета: после его работы CSectionSolver все равно заново решает полную систему НДС.  У класса две практические роли. Первая - дать ненулевой старт штатному DirectState при чистом изгибе N = 0, когда нулевая плоскость попадает ровно в излом диаграммы бетона между сжатием и выключенным растяжением. Вторая - подготовить старт для повторной попытки StateSolution в technical extension, если первая попытка не смогла пройти горизонтальное плато диаграммы.  Класс не выбирает материалы, не знает про расчетные профили, Capacity, Crack, Excel и СП. Он получает уже готовые CMaterialDiagram и CSectionModel, после чего пытается дать solver-у более осмысленный старт. Для физического DirectState это старт около рабочей стороны излома диаграммы; для extension это старт уже в области искусственного продолжения, где есть малая касательная жесткость и Newton/Secant снова получает управляемую матрицу.  Это не меняет физический результат и не повышает несущую способность: CSectionSolver затем заново решает полное равновесие, а batch-слой отдельно помечает найденное состояние как FAIL, если оно вышло за физическую диаграмму.","24","32","0","Pending"
"src/Solver/CStateSolutionRunner.cls","CStateSolutionRunner",".cls","860","========================================================================== Запуск прямого состояния НДС ========================================================================== CStateSolutionRunner управляет обычным равновесием для заданных N + Mx + My, включая named-state и промежуточные пробы общего поиска. Он создает CSectionSolver, задает ему настройки, подбирает стартовую плоскость через CStateGuessBuilder и, если первая попытка не сошлась, пробует согласованные повторные старты в technical extension.  В классе нет выбора расчетного профиля, диаграмм Strength/CrackedNDS и нет записи Results. Материалы уже должны быть подготовлены CMaterialModelProvider, а инженерный orchestration-слой после этого только читает готовый результат: сошелся ли solver, вышло ли состояние в extension и находится ли оно в физических пределах диаграммы.","14","53","0","Pending"
"src/Solver/CUltimateStrainSearch.cls","CUltimateStrainSearch",".cls","384","========================================================================== Адаптер поиска UltimateStrain ========================================================================== Класс выполняет прямой поиск по предельной деформации и переиспользует общий Newton/line-search цикл для Capacity и CrackFormation. Если для силовой capacity-траектории прямой поиск не дал устойчивой точки, fallback на LoadMultiplier запускается через общий CLoadMultiplierSearch, без отдельной параллельной search-реализации. Выполняет ветку UltimateStrain для request-а несущей способности. Чисто осевая траектория переводится в LoadMultiplier тем же правилом, что и в основной capacity-логике.","11","15","0","Pending"
"src/Stability/CStabilityCalculator.cls","CStabilityCalculator",".cls","1454","========================================================================== Расчет продольного изгиба и устойчивости ========================================================================== Класс является изолированным фильтром усилий перед существующим НДМ. Он не запускает CSectionSolver, не читает Excel и не меняет материалы: вызывающий код передает готовую CSectionModel, выбранный набор характеристик материалов профиля и усилия LC. На выходе возвращаются N/Mx/My с учетом продольного изгиба, а также расчетные величины для Summary.  Геометрические характеристики класс берет через CSectionPropertiesCalculator. Поэтому расчет высоты по повернутой оси, локальных инерций и радиусов арматуры не дублируется внутри методики устойчивости.","12","110","0","Pending"
"src/Stability/CStabilityResult.cls","CStabilityResult",".cls","587","========================================================================== Результат проверки устойчивости одного сочетания ========================================================================== CStabilityResult хранит typed meta и инженерные величины, которые CStabilityCalculator уже посчитал для LC. Класс не запускает расчет устойчивости; его задача - быть stability-subtree внутри CCombinationResult и единым источником данных для Results.","6","74","0","Pending"
"tests/CFakeAcadLine.cls","CFakeAcadLine",".cls","49","========================================================================== Тестовая имитация AutoCAD Line ========================================================================== Класс нужен только unit-тестам AutoCAD importer-а. Он дает минимальный COM- контракт прямой грани Region: ObjectName, StartPoint, EndPoint и Delete.","5","5","0","Pending"
"tests/CFakeAcadRegion.cls","CFakeAcadRegion",".cls","119","========================================================================== Тестовая имитация AutoCAD Region ========================================================================== Класс нужен только unit-тестам importer-а. Он отдает минимальный набор свойств Region: площадь, центр, моменты инерции, произведение инерции, слой, handle, Copy/Explode/Delete. Так можно проверить ветвление importer-а без запуска AutoCAD.","7","11","0","Pending"
"tests/CTestLimitSearchProblem.cls","CTestLimitSearchProblem",".cls","609","========================================================================== ДЛЯ ТЕСТОВ: простая доменная задача общего LimitSearch ========================================================================== Класс намеренно не использует CSectionSolver и реальные материалы. Он задает линейную функцию предела f(lambda) = lambda - lambdaRoot и позволяет проверять поведение общего search-ядра без влияния железобетонной физики.  Такой тест защищает архитектурное требование: Bisection/Secant/Brent должны работать через ILimitSearchProblem, а не через конкретный Capacity или Crack calculator.","10","73","0","Pending"
"tests/modTestBatchCalculation.bas","modTestBatchCalculation",".bas","8681","========================================================================== Тесты пакетного расчета и интерфейсных статусов ========================================================================== Модуль проверяет, что batch-слой правильно обрабатывает несколько LC, выбирает худшее сочетание и не смешивает статусы capacity/crack/direct state.","5","226","0","Pending"
"tests/modTestCapacitySolver.bas","modTestCapacitySolver",".bas","2544","========================================================================== Тесты поиска несущей способности ========================================================================== Модуль проверяет LoadMultiplier, UltimateStrain и одномерные методы поиска lambda. Важна не только близость результата, но и запуск правильной ветки.","5","100","0","Pending"
"tests/modTestConfiguration.bas","modTestConfiguration",".bas","754","========================================================================== ДЛЯ ТЕСТОВ: поведение численных селекторов через настоящий Config ========================================================================== Модуль меняет ячейки изолированной книги, читает их штатным reader-ом и проверяет реальные результаты Capacity/Formation, а не только getters. Нагрузки и геометрия заданы во внутренних Н, Н*мм и мм; параметры материалов, профили и solve-options проходят через Config. После набора все формулы входных таблиц восстанавливаются, а результаты остаются для проверки writer.","8","21","0","Pending"
"tests/modTestCrackWidth.bas","modTestCrackWidth",".bas","1535","========================================================================== Регрессионные тесты расчета нормальных трещин ========================================================================== Тесты проверяют SLS-расчет CCrackWidthCalculator: выбор расчетной растянутой зоны, формулу СП 63 для a_crc, режимы psi_s, центральное растяжение и writer основного результата. Проверки не меняют CSectionSolver: расчет трещин использует его как готовый общий решатель равновесия.","7","62","0","Pending"
"tests/modTestGeometry.bas","modTestGeometry",".bas","2604","========================================================================== Тесты геометрии, сетки и раскладки арматуры ========================================================================== Модуль защищает договоренности по Circle, RoundedRectangle, HollowRectangle и RectSet: габариты, дискретизацию, автоматическую арматуру и semantic-аннотации для схемы.","5","86","0","Pending"
"tests/modTestGeometryConfig.bas","modTestGeometryConfig",".bas","950","========================================================================== ДЛЯ ТЕСТОВ: параметры геометрии через фактический Config ========================================================================== Проверяет передачу пользовательских геометрических полей от ячеек через CSystemSettingsReader/CUnitSystem и CSectionTypeRegistry к готовой форме и раскладке. Не ищет равновесие и не подменяет инженерный расчет fixtures. Измененные таблицы восстанавливаются по исходным формулам даже при ошибке.","7","36","0","Pending"
"tests/modTestMaterialDiagrams.bas","modTestMaterialDiagrams",".bas","830","========================================================================== Тесты диаграмм материалов ========================================================================== Проверяется целевая упрощенная архитектура: - CMaterialDiagram хранит готовые точки и выполняет только интерполяцию; - CMaterialModelProvider выбирает расчетный режим, I/II ГПС, TwoLine/ThreeLine   и строит точки диаграмм из параметров бетона и арматуры. Интерполяция проверяется отдельно от нормативного построения точек provider-ом.","8","33","0","Pending"
"tests/modTestRegressionBaseline.bas","modTestRegressionBaseline",".bas","382","========================================================================== Регрессионная проверка численных результатов ========================================================================== Модуль сравнивает текущие результаты с сохраненным baseline, чтобы правки интерфейса, документации или архитектуры не меняли расчетную математику.","5","20","0","Pending"
"tests/modTestSectionSolver.bas","modTestSectionSolver",".bas","1635","========================================================================== Тесты решателя равновесия CSectionSolver ========================================================================== Проверяется поиск epsilon0/kappaX/kappaY в единой постановке N + Mx + My, включая одноосные частные случаи и перенос начала координат.","5","53","0","Pending"
"tests/modTestWorkbookInterface.bas","modTestWorkbookInterface",".bas","6753","========================================================================== Тесты структуры книги и пользовательского интерфейса ========================================================================== Модуль проверяет именованные диапазоны, выпадающие списки, листы и макросы workbook-слоя, чтобы сборка книги оставалась воспроизводимой.","5","210","0","Pending"
