"Log","SourceSHA256","ExtensionEnabled","ParsedCases","FailedAssertions","ResultsReopenEqual","CompletedSuccessfully","Acceptance","Total"
"broad_matrix_CircleSym_Light_off_v320_2026-10-05.txt","CACB7F261AA3117BDD7C09340A41E65AD95E43F575A619F29789E9DA06EC5871","No","588","0","True","True","PASS","TOTAL_AUDIT03_LOAD_MATRIX: shape=CircleSym; family=Light; independentCases=588; passed=24293; failed=0"
"broad_matrix_CircleSym_Light_on_v320_2026-10-05.txt","CACB7F261AA3117BDD7C09340A41E65AD95E43F575A619F29789E9DA06EC5871","Yes","588","0","True","True","PASS","TOTAL_AUDIT03_LOAD_MATRIX: shape=CircleSym; family=Light; independentCases=588; passed=23265; failed=0"
"broad_matrix_CircleSym_Stress_off_v320_2026-10-05.txt","CACB7F261AA3117BDD7C09340A41E65AD95E43F575A619F29789E9DA06EC5871","No","288","0","True","True","PASS","TOTAL_AUDIT03_LOAD_MATRIX: shape=CircleSym; family=Stress; independentCases=288; passed=13179; failed=0"
"broad_matrix_CircleSym_Stress_on_v320_2026-10-05.txt","CACB7F261AA3117BDD7C09340A41E65AD95E43F575A619F29789E9DA06EC5871","Yes","288","0","True","True","PASS","TOTAL_AUDIT03_LOAD_MATRIX: shape=CircleSym; family=Stress; independentCases=288; passed=13093; failed=0"
"broad_matrix_CircleUneven_Light_off_v320_2026-10-05.txt","CACB7F261AA3117BDD7C09340A41E65AD95E43F575A619F29789E9DA06EC5871","No","588","0","True","True","PASS","TOTAL_AUDIT03_LOAD_MATRIX: shape=CircleUneven; family=Light; independentCases=588; passed=24261; failed=0"
"broad_matrix_CircleUneven_Light_on_v320_2026-10-05.txt","CACB7F261AA3117BDD7C09340A41E65AD95E43F575A619F29789E9DA06EC5871","Yes","588","0","True","True","PASS","TOTAL_AUDIT03_LOAD_MATRIX: shape=CircleUneven; family=Light; independentCases=588; passed=23241; failed=0"
"broad_matrix_CircleUneven_Stress_off_v320_2026-10-05.txt","CACB7F261AA3117BDD7C09340A41E65AD95E43F575A619F29789E9DA06EC5871","No","288","0","True","True","PASS","TOTAL_AUDIT03_LOAD_MATRIX: shape=CircleUneven; family=Stress; independentCases=288; passed=13287; failed=0"
"broad_matrix_CircleUneven_Stress_on_v320_2026-10-05.txt","CACB7F261AA3117BDD7C09340A41E65AD95E43F575A619F29789E9DA06EC5871","Yes","288","0","True","True","PASS","TOTAL_AUDIT03_LOAD_MATRIX: shape=CircleUneven; family=Stress; independentCases=288; passed=13184; failed=0"
"broad_matrix_HollowCentered_Light_off_v320_2026-10-05.txt","CACB7F261AA3117BDD7C09340A41E65AD95E43F575A619F29789E9DA06EC5871","No","588","0","True","True","PASS","TOTAL_AUDIT03_LOAD_MATRIX: shape=HollowCentered; family=Light; independentCases=588; passed=24189; failed=0"
"broad_matrix_HollowCentered_Light_on_v320_2026-10-05.txt","CACB7F261AA3117BDD7C09340A41E65AD95E43F575A619F29789E9DA06EC5871","Yes","588","0","True","True","PASS","TOTAL_AUDIT03_LOAD_MATRIX: shape=HollowCentered; family=Light; independentCases=588; passed=23199; failed=0"
"broad_matrix_HollowCentered_Stress_off_v320_2026-10-05.txt","CACB7F261AA3117BDD7C09340A41E65AD95E43F575A619F29789E9DA06EC5871","No","288","0","True","True","PASS","TOTAL_AUDIT03_LOAD_MATRIX: shape=HollowCentered; family=Stress; independentCases=288; passed=13279; failed=0"
"broad_matrix_HollowCentered_Stress_on_v320_2026-10-05.txt","CACB7F261AA3117BDD7C09340A41E65AD95E43F575A619F29789E9DA06EC5871","Yes","288","0","True","True","PASS","TOTAL_AUDIT03_LOAD_MATRIX: shape=HollowCentered; family=Stress; independentCases=288; passed=13109; failed=0"
"broad_matrix_HollowOffset_Light_off_v320_2026-10-05.txt","CACB7F261AA3117BDD7C09340A41E65AD95E43F575A619F29789E9DA06EC5871","No","588","0","True","True","PASS","TOTAL_AUDIT03_LOAD_MATRIX: shape=HollowOffset; family=Light; independentCases=588; passed=24261; failed=0"
"broad_matrix_HollowOffset_Light_on_v320_2026-10-05.txt","CACB7F261AA3117BDD7C09340A41E65AD95E43F575A619F29789E9DA06EC5871","Yes","588","0","True","True","PASS","TOTAL_AUDIT03_LOAD_MATRIX: shape=HollowOffset; family=Light; independentCases=588; passed=23237; failed=0"
"broad_matrix_HollowOffset_Stress_off_v320_2026-10-05.txt","CACB7F261AA3117BDD7C09340A41E65AD95E43F575A619F29789E9DA06EC5871","No","288","0","True","True","PASS","TOTAL_AUDIT03_LOAD_MATRIX: shape=HollowOffset; family=Stress; independentCases=288; passed=13279; failed=0"
"broad_matrix_HollowOffset_Stress_on_v320_2026-10-05.txt","CACB7F261AA3117BDD7C09340A41E65AD95E43F575A619F29789E9DA06EC5871","Yes","288","0","True","True","PASS","TOTAL_AUDIT03_LOAD_MATRIX: shape=HollowOffset; family=Stress; independentCases=288; passed=13109; failed=0"
"broad_matrix_HollowThin_Light_off_v320_2026-10-05.txt","CACB7F261AA3117BDD7C09340A41E65AD95E43F575A619F29789E9DA06EC5871","No","588","0","True","True","PASS","TOTAL_AUDIT03_LOAD_MATRIX: shape=HollowThin; family=Light; independentCases=588; passed=24231; failed=0"
"broad_matrix_HollowThin_Light_on_v320_2026-10-05.txt","CACB7F261AA3117BDD7C09340A41E65AD95E43F575A619F29789E9DA06EC5871","Yes","588","0","True","True","PASS","TOTAL_AUDIT03_LOAD_MATRIX: shape=HollowThin; family=Light; independentCases=588; passed=23197; failed=0"
"broad_matrix_HollowThin_Stress_off_v320_2026-10-05.txt","CACB7F261AA3117BDD7C09340A41E65AD95E43F575A619F29789E9DA06EC5871","No","288","0","True","True","PASS","TOTAL_AUDIT03_LOAD_MATRIX: shape=HollowThin; family=Stress; independentCases=288; passed=13240; failed=0"
"broad_matrix_HollowThin_Stress_on_v320_2026-10-05.txt","CACB7F261AA3117BDD7C09340A41E65AD95E43F575A619F29789E9DA06EC5871","Yes","288","0","True","True","PASS","TOTAL_AUDIT03_LOAD_MATRIX: shape=HollowThin; family=Stress; independentCases=288; passed=13120; failed=0"
"broad_matrix_ImportedFixture_Light_off_v320_2026-10-05.txt","CACB7F261AA3117BDD7C09340A41E65AD95E43F575A619F29789E9DA06EC5871","No","588","0","True","True","PASS","TOTAL_AUDIT03_LOAD_MATRIX: shape=ImportedFixture; family=Light; independentCases=588; passed=23301; failed=0"
"broad_matrix_ImportedFixture_Light_on_v320_2026-10-05.txt","CACB7F261AA3117BDD7C09340A41E65AD95E43F575A619F29789E9DA06EC5871","Yes","588","0","True","True","PASS","TOTAL_AUDIT03_LOAD_MATRIX: shape=ImportedFixture; family=Light; independentCases=588; passed=22768; failed=0"
"broad_matrix_ImportedFixture_Stress_off_v320_2026-10-05.txt","CACB7F261AA3117BDD7C09340A41E65AD95E43F575A619F29789E9DA06EC5871","No","0","-1","False","False","NotPassed",""
"broad_matrix_RectL_Light_off_v320_2026-10-05.txt","CACB7F261AA3117BDD7C09340A41E65AD95E43F575A619F29789E9DA06EC5871","No","588","0","True","True","PASS","TOTAL_AUDIT03_LOAD_MATRIX: shape=RectL; family=Light; independentCases=588; passed=24293; failed=0"
"broad_matrix_RectL_Light_on_v320_2026-10-05.txt","CACB7F261AA3117BDD7C09340A41E65AD95E43F575A619F29789E9DA06EC5871","Yes","588","0","True","True","PASS","TOTAL_AUDIT03_LOAD_MATRIX: shape=RectL; family=Light; independentCases=588; passed=23265; failed=0"
"broad_matrix_RectL_Stress_off_v320_2026-10-05.txt","CACB7F261AA3117BDD7C09340A41E65AD95E43F575A619F29789E9DA06EC5871","No","288","0","True","True","PASS","TOTAL_AUDIT03_LOAD_MATRIX: shape=RectL; family=Stress; independentCases=288; passed=13233; failed=0"
"broad_matrix_RectL_Stress_on_v320_2026-10-05.txt","CACB7F261AA3117BDD7C09340A41E65AD95E43F575A619F29789E9DA06EC5871","Yes","288","0","True","True","PASS","TOTAL_AUDIT03_LOAD_MATRIX: shape=RectL; family=Stress; independentCases=288; passed=13131; failed=0"
"broad_matrix_RectRectangle_Light_off_v320_2026-10-05.txt","CACB7F261AA3117BDD7C09340A41E65AD95E43F575A619F29789E9DA06EC5871","No","588","0","True","True","PASS","TOTAL_AUDIT03_LOAD_MATRIX: shape=RectRectangle; family=Light; independentCases=588; passed=24243; failed=0"
"broad_matrix_RectRectangle_Light_on_v320_2026-10-05.txt","CACB7F261AA3117BDD7C09340A41E65AD95E43F575A619F29789E9DA06EC5871","Yes","588","0","True","True","PASS","TOTAL_AUDIT03_LOAD_MATRIX: shape=RectRectangle; family=Light; independentCases=588; passed=23222; failed=0"
"broad_matrix_RectRectangle_Stress_off_v320_2026-10-05.txt","CACB7F261AA3117BDD7C09340A41E65AD95E43F575A619F29789E9DA06EC5871","No","288","0","True","True","PASS","TOTAL_AUDIT03_LOAD_MATRIX: shape=RectRectangle; family=Stress; independentCases=288; passed=13050; failed=0"
"broad_matrix_RectRectangle_Stress_on_v320_2026-10-05.txt","CACB7F261AA3117BDD7C09340A41E65AD95E43F575A619F29789E9DA06EC5871","Yes","288","0","True","True","PASS","TOTAL_AUDIT03_LOAD_MATRIX: shape=RectRectangle; family=Stress; independentCases=288; passed=13145; failed=0"
"broad_matrix_RectTwoLeft_Light_off_v320_2026-10-05.txt","CACB7F261AA3117BDD7C09340A41E65AD95E43F575A619F29789E9DA06EC5871","No","588","0","True","True","PASS","TOTAL_AUDIT03_LOAD_MATRIX: shape=RectTwoLeft; family=Light; independentCases=588; passed=24149; failed=0"
"broad_matrix_RectTwoLeft_Light_on_v320_2026-10-05.txt","CACB7F261AA3117BDD7C09340A41E65AD95E43F575A619F29789E9DA06EC5871","Yes","588","0","True","True","PASS","TOTAL_AUDIT03_LOAD_MATRIX: shape=RectTwoLeft; family=Light; independentCases=588; passed=23111; failed=0"
"broad_matrix_RectTwoLeft_Stress_off_v320_2026-10-05.txt","CACB7F261AA3117BDD7C09340A41E65AD95E43F575A619F29789E9DA06EC5871","No","288","0","True","True","PASS","TOTAL_AUDIT03_LOAD_MATRIX: shape=RectTwoLeft; family=Stress; independentCases=288; passed=13093; failed=0"
"broad_matrix_RectTwoLeft_Stress_on_v320_2026-10-05.txt","CACB7F261AA3117BDD7C09340A41E65AD95E43F575A619F29789E9DA06EC5871","Yes","288","0","True","True","PASS","TOTAL_AUDIT03_LOAD_MATRIX: shape=RectTwoLeft; family=Stress; independentCases=288; passed=13121; failed=0"
"broad_matrix_RectTwoRight_Light_off_v320_2026-10-05.txt","CACB7F261AA3117BDD7C09340A41E65AD95E43F575A619F29789E9DA06EC5871","No","588","0","True","True","PASS","TOTAL_AUDIT03_LOAD_MATRIX: shape=RectTwoRight; family=Light; independentCases=588; passed=23725; failed=0"
"broad_matrix_RectTwoRight_Light_on_v320_2026-10-05.txt","CACB7F261AA3117BDD7C09340A41E65AD95E43F575A619F29789E9DA06EC5871","Yes","588","0","True","True","PASS","TOTAL_AUDIT03_LOAD_MATRIX: shape=RectTwoRight; family=Light; independentCases=588; passed=22796; failed=0"
"broad_matrix_RectTwoRight_Stress_off_v320_2026-10-05.txt","CACB7F261AA3117BDD7C09340A41E65AD95E43F575A619F29789E9DA06EC5871","No","288","0","True","True","PASS","TOTAL_AUDIT03_LOAD_MATRIX: shape=RectTwoRight; family=Stress; independentCases=288; passed=13267; failed=0"
"broad_matrix_RectTwoRight_Stress_on_v320_2026-10-05.txt","CACB7F261AA3117BDD7C09340A41E65AD95E43F575A619F29789E9DA06EC5871","Yes","288","0","True","True","PASS","TOTAL_AUDIT03_LOAD_MATRIX: shape=RectTwoRight; family=Stress; independentCases=288; passed=13109; failed=0"
"broad_matrix_RoundedMixed_Light_off_v320_2026-10-05.txt","CACB7F261AA3117BDD7C09340A41E65AD95E43F575A619F29789E9DA06EC5871","No","588","0","True","True","PASS","TOTAL_AUDIT03_LOAD_MATRIX: shape=RoundedMixed; family=Light; independentCases=588; passed=24261; failed=0"
"broad_matrix_RoundedMixed_Light_on_v320_2026-10-05.txt","CACB7F261AA3117BDD7C09340A41E65AD95E43F575A619F29789E9DA06EC5871","Yes","588","0","True","True","PASS","TOTAL_AUDIT03_LOAD_MATRIX: shape=RoundedMixed; family=Light; independentCases=588; passed=23241; failed=0"
"broad_matrix_RoundedMixed_Stress_off_v320_2026-10-05.txt","CACB7F261AA3117BDD7C09340A41E65AD95E43F575A619F29789E9DA06EC5871","No","288","0","True","True","PASS","TOTAL_AUDIT03_LOAD_MATRIX: shape=RoundedMixed; family=Stress; independentCases=288; passed=13371; failed=0"
"broad_matrix_RoundedMixed_Stress_on_v320_2026-10-05.txt","CACB7F261AA3117BDD7C09340A41E65AD95E43F575A619F29789E9DA06EC5871","Yes","288","0","True","True","PASS","TOTAL_AUDIT03_LOAD_MATRIX: shape=RoundedMixed; family=Stress; independentCases=288; passed=13259; failed=0"
"broad_matrix_RoundedSimple_Light_off_v320_2026-10-05.txt","CACB7F261AA3117BDD7C09340A41E65AD95E43F575A619F29789E9DA06EC5871","No","588","0","True","True","PASS","TOTAL_AUDIT03_LOAD_MATRIX: shape=RoundedSimple; family=Light; independentCases=588; passed=24219; failed=0"
"broad_matrix_RoundedSimple_Light_on_v320_2026-10-05.txt","CACB7F261AA3117BDD7C09340A41E65AD95E43F575A619F29789E9DA06EC5871","Yes","588","0","True","True","PASS","TOTAL_AUDIT03_LOAD_MATRIX: shape=RoundedSimple; family=Light; independentCases=588; passed=23205; failed=0"
"broad_matrix_RoundedSimple_Stress_off_v320_2026-10-05.txt","CACB7F261AA3117BDD7C09340A41E65AD95E43F575A619F29789E9DA06EC5871","No","288","0","True","True","PASS","TOTAL_AUDIT03_LOAD_MATRIX: shape=RoundedSimple; family=Stress; independentCases=288; passed=13230; failed=0"
"broad_matrix_RoundedSimple_Stress_on_v320_2026-10-05.txt","CACB7F261AA3117BDD7C09340A41E65AD95E43F575A619F29789E9DA06EC5871","Yes","288","0","True","True","PASS","TOTAL_AUDIT03_LOAD_MATRIX: shape=RoundedSimple; family=Stress; independentCases=288; passed=13145; failed=0"
"broad_matrix_RoundedTapered_Light_off_v320_2026-10-05.txt","CACB7F261AA3117BDD7C09340A41E65AD95E43F575A619F29789E9DA06EC5871","No","588","0","True","True","PASS","TOTAL_AUDIT03_LOAD_MATRIX: shape=RoundedTapered; family=Light; independentCases=588; passed=24229; failed=0"
"broad_matrix_RoundedTapered_Light_on_v320_2026-10-05.txt","CACB7F261AA3117BDD7C09340A41E65AD95E43F575A619F29789E9DA06EC5871","Yes","588","0","True","True","PASS","TOTAL_AUDIT03_LOAD_MATRIX: shape=RoundedTapered; family=Light; independentCases=588; passed=23241; failed=0"
"broad_matrix_RoundedTapered_Stress_off_v320_2026-10-05.txt","CACB7F261AA3117BDD7C09340A41E65AD95E43F575A619F29789E9DA06EC5871","No","288","0","True","True","PASS","TOTAL_AUDIT03_LOAD_MATRIX: shape=RoundedTapered; family=Stress; independentCases=288; passed=13317; failed=0"
"broad_matrix_RoundedTapered_Stress_on_v320_2026-10-05.txt","CACB7F261AA3117BDD7C09340A41E65AD95E43F575A619F29789E9DA06EC5871","Yes","288","0","True","True","PASS","TOTAL_AUDIT03_LOAD_MATRIX: shape=RoundedTapered; family=Stress; independentCases=288; passed=13184; failed=0"
"broad_matrix_ImportedFixture_Stress_off_v320c_2026-10-05.txt","CACB7F261AA3117BDD7C09340A41E65AD95E43F575A619F29789E9DA06EC5871","No","288","0","True","True","PASS","TOTAL_AUDIT03_LOAD_MATRIX: shape=ImportedFixture; family=Stress; independentCases=288; passed=13214; failed=0"
"broad_matrix_ImportedFixture_Stress_on_v320c_2026-10-05.txt","CACB7F261AA3117BDD7C09340A41E65AD95E43F575A619F29789E9DA06EC5871","Yes","288","0","True","True","PASS","TOTAL_AUDIT03_LOAD_MATRIX: shape=ImportedFixture; family=Stress; independentCases=288; passed=13140; failed=0"
