"Version","Case","Repeats","elapsedSecMedian","elapsedSecMin","elapsedSecP95","geometrySecMedian","geometrySecMin","geometrySecP95","coreSecMedian","coreSecMin","coreSecP95","packagingSecMedian","packagingSecMin","packagingSecP95","writeSecMedian","writeSecMin","writeSecP95","solvesMedian","solvesMin","solvesP95","probesMedian","probesMin","probesP95","planeProbesMedian","planeProbesMin","planeProbesP95","iterationsMedian","iterationsMin","iterationsP95","retriesMedian","retriesMin","retriesP95","probeReuseMedian","probeReuseMin","probeReuseP95","stateReuseMedian","stateReuseMin","stateReuseP95","duplicateSolveAttemptsMedian","duplicateSolveAttemptsMin","duplicateSolveAttemptsP95","unconvergedProbesMedian","unconvergedProbesMin","unconvergedProbesP95","unconfirmedPhysicalMedian","unconfirmedPhysicalMin","unconfirmedPhysicalP95","ModelSizes"
"baseline","asymmetric","5","16,0947265625","14,9765625","16,5576171875","0,01171875","0,0107421875","0,0126953125","15,0673828125","13,9912109375","15,232421875","0","0","0","0","0","0","94","94","94","23","23","23","0","0","0","3874","3874","3874","20","20","20","0","0","0","0","0","0","10","10","10","25","25","25","0","0","0","2875f/0r|2875f/4r"
"baseline","axial","5","0,1962890625","0,1767578125","0,208984375","0,0009765625","0","0,0009765625","0,166015625","0,1533203125","0,173828125","0","0","0","0","0","0","38","38","38","12","12","12","0","0","0","558","558","558","8","8","8","0","0","0","0","0","0","0","0","0","10","10","10","0","0","0","150f/4r"
"baseline","batch_write","5","0,533203125","0,478515625","1,009765625","0","0","0,001953125","0,009765625","0,005859375","0,0126953125","0,0009765625","0","0,0029296875","0,4619140625","0,42578125","0,8525390625","3","3","3","0","0","0","21","21","21","49","49","49","0","0","0","0","0","0","0","0","0","0","0","0","0","0","0","0","0","0","100f/4r"
"baseline","bending","5","0,1591796875","0,1513671875","0,26171875","0,0009765625","0,0009765625","0,00390625","0,1123046875","0,1083984375","0,1201171875","0","0","0","0","0","0","28","28","28","24","24","24","0","0","0","384","384","384","0","0","0","0","0","0","0","0","0","0","0","0","0","0","0","0","0","0","150f/4r"
"baseline","biaxial","5","0,337890625","0,3232421875","0,455078125","0,0009765625","0,0009765625","0,001953125","0,2470703125","0,232421875","0,2685546875","0","0","0","0","0","0","48","48","48","48","48","48","0","0","0","912","912","912","0","0","0","0","0","0","0","0","0","2","2","2","0","0","0","0","0","0","150f/4r"
"baseline","capacity_strategies","5","0,966796875","0,8466796875","1,2353515625","0,0078125","0,0068359375","0,0078125","0,671875","0,64453125","0,681640625","0","0","0","0","0","0","82","82","82","66","66","66","51","51","51","1550","1550","1550","4","4","4","0","0","0","0","0","0","1","1","1","5","5","5","0","0","0","150f/4r|489f/4r"
"baseline","crack_bending","5","0,40234375","0,3994140625","0,5283203125","0,0029296875","0,001953125","0,0029296875","0,291015625","0,287109375","0,3056640625","0","0","0,005859375","0","0","0","72","72","72","66","66","66","0","0","0","1025","1025","1025","0","0","0","0","0","0","0","0","0","0","0","0","0","0","0","0","0","0","150f/4r"
"baseline","crack_cache","5","0,3271484375","0,3037109375","0,34375","0,0009765625","0","0,0009765625","0,2265625","0,2236328125","0,2412109375","0,0009765625","0,0009765625","0,001953125","0","0","0","50","50","50","44","44","44","0","0","0","707","707","707","0","0","0","0","0","0","1","1","1","2","2","2","0","0","0","0","0","0","150f/4r"
"baseline","crack_paths","5","0,37890625","0,37109375","0,416015625","0,0029296875","0,0029296875","0,00390625","0,259765625","0,244140625","0,265625","0,001953125","0","0,0029296875","0","0","0","56","56","56","44","44","44","0","0","0","806","806","806","0","0","0","0","0","0","0","0","0","1","1","1","0","0","0","0","0","0","150f/4r"
"baseline","geometry_hollow","5","0,056640625","0,0556640625","0,0712890625","0","0","0","0","0","0","0","0","0","0","0","0","0","0","0","0","0","0","0","0","0","0","0","0","0","0","0","0","0","0","0","0","0","0","0","0","0","0","0","0","0","0",""
"baseline","geometry_hollow_mesh","5","10,1494140625","9,8828125","10,6552734375","10,04296875","9,76171875","10,4736328125","0","0","0","0","0","0","0","0","0","0","0","0","0","0","0","0","0","0","0","0","0","0","0","0","0","0","0","0","0","0","0","0","0","0","0","0","0","0","0","3717f/0r"
"baseline","geometry_hollow_rebars","5","0,08203125","0,0732421875","0,0908203125","0","0","0","0","0","0","0","0","0","0","0","0","0","0","0","0","0","0","0","0","0","0","0","0","0","0","0","0","0","0","0","0","0","0","0","0","0","0","0","0","0","0",""
"baseline","geometry_rounded","5","0,318359375","0,2607421875","0,33203125","0,0703125","0,068359375","0,07421875","0","0","0","0","0","0","0","0","0","0","0","0","0","0","0","0","0","0","0","0","0","0","0","0","0","0","0","0","0","0","0","0","0","0","0","0","0","0","0","7596f/0r"
"baseline","geometry_tapered","5","0,5419921875","0,3837890625","0,57421875","0,1513671875","0,1455078125","0,154296875","0","0","0","0","0","0","0","0","0","0","0","0","0","0","0","0","0","0","0","0","0","0","0","0","0","0","0","0","0","0","0","0","0","0","0","0","0","0","0","95f/0r|379f/0r"
"baseline","methods","5","0,18359375","0,1552734375","0,2509765625","0,0009765625","0","0,0009765625","0,1259765625","0,1142578125","0,1328125","0","0","0","0","0","0","30","30","30","32","32","32","0","0","0","442","442","442","0","0","0","5","5","5","0","0","0","4","4","4","0","0","0","0","0","0","150f/4r"
"current","asymmetric","5","14,923828125","14,845703125","15,02734375","0,01171875","0,0107421875","0,0126953125","14,041015625","13,9111328125","14,1015625","0","0","0","0","0","0","94","94","94","23","23","23","0","0","0","3874","3874","3874","20","20","20","0","0","0","0","0","0","10","10","10","25","25","25","0","0","0","2875f/0r|2875f/4r"
"current","axial","5","0,1767578125","0,1748046875","0,19140625","0","0","0,0009765625","0,16015625","0,1591796875","0,162109375","0","0","0","0","0","0","38","38","38","12","12","12","0","0","0","558","558","558","8","8","8","0","0","0","0","0","0","0","0","0","10","10","10","0","0","0","150f/4r"
"current","batch_write","5","0,51171875","0,48828125","0,7021484375","0","0","0","0,01171875","0,009765625","0,0126953125","0","0","0,0029296875","0,4599609375","0,4267578125","0,6123046875","3","3","3","0","0","0","21","21","21","49","49","49","0","0","0","0","0","0","0","0","0","0","0","0","0","0","0","0","0","0","100f/4r"
"current","bending","5","0,15234375","0,123046875","0,2021484375","0,0009765625","0","0,001953125","0,107421875","0,1015625","0,1103515625","0","0","0","0","0","0","28","28","28","24","24","24","0","0","0","384","384","384","0","0","0","0","0","0","0","0","0","0","0","0","0","0","0","0","0","0","150f/4r"
"current","biaxial","5","0,2841796875","0,2646484375","0,359375","0","0","0","0,23046875","0,2255859375","0,25390625","0","0","0","0","0","0","48","48","48","48","48","48","0","0","0","912","912","912","0","0","0","0","0","0","0","0","0","2","2","2","0","0","0","0","0","0","150f/4r"
"current","capacity_strategies","5","0,8125","0,765625","0,982421875","0,0009765625","0","0,0029296875","0,65234375","0,6396484375","0,6748046875","0","0","0","0","0","0","82","82","82","66","66","66","51","51","51","1550","1550","1550","4","4","4","0","0","0","0","0","0","1","1","1","5","5","5","0","0","0","150f/4r|489f/4r"
"current","crack_bending","5","0,3876953125","0,373046875","0,4794921875","0","0","0","0,296875","0,2802734375","0,3037109375","0,0009765625","0","0,0048828125","0","0","0","72","72","72","66","66","66","0","0","0","1025","1025","1025","0","0","0","0","0","0","0","0","0","0","0","0","0","0","0","0","0","0","150f/4r"
"current","crack_cache","5","0,310546875","0,2900390625","0,328125","0","0","0,0009765625","0,21875","0,21484375","0,234375","0,0009765625","0","0,0009765625","0","0","0","50","50","50","44","44","44","0","0","0","707","707","707","0","0","0","0","0","0","1","1","1","2","2","2","0","0","0","0","0","0","150f/4r"
"current","crack_paths","5","0,357421875","0,337890625","0,3984375","0","0","0,0009765625","0,2490234375","0,2421875","0,25390625","0","0","0,001953125","0","0","0","56","56","56","44","44","44","0","0","0","806","806","806","0","0","0","0","0","0","0","0","0","1","1","1","0","0","0","0","0","0","150f/4r"
"current","geometry_hollow","5","0,025390625","0,0166015625","0,033203125","0","0","0","0","0","0","0","0","0","0","0","0","0","0","0","0","0","0","0","0","0","0","0","0","0","0","0","0","0","0","0","0","0","0","0","0","0","0","0","0","0","0",""
"current","geometry_hollow_mesh","5","0,166015625","0,13671875","0,1884765625","0,052734375","0,0517578125","0,0546875","0","0","0","0","0","0","0","0","0","0","0","0","0","0","0","0","0","0","0","0","0","0","0","0","0","0","0","0","0","0","0","0","0","0","0","0","0","0","0","3717f/0r"
"current","geometry_hollow_rebars","5","0,009765625","0,0068359375","0,0146484375","0","0","0","0","0","0","0","0","0","0","0","0","0","0","0","0","0","0","0","0","0","0","0","0","0","0","0","0","0","0","0","0","0","0","0","0","0","0","0","0","0","0",""
"current","geometry_rounded","5","0,201171875","0,1865234375","0,2802734375","0,0146484375","0,013671875","0,0146484375","0","0","0","0","0","0","0","0","0","0","0","0","0","0","0","0","0","0","0","0","0","0","0","0","0","0","0","0","0","0","0","0","0","0","0","0","0","0","0","7596f/0r"
"current","geometry_tapered","5","0,376953125","0,2744140625","0,4931640625","0,0302734375","0,025390625","0,0322265625","0","0","0","0","0","0","0","0","0","0","0","0","0","0","0","0","0","0","0","0","0","0","0","0","0","0","0","0","0","0","0","0","0","0","0","0","0","0","0","95f/0r|379f/0r"
"current","methods","5","0,1494140625","0,140625","0,1875","0","0","0","0,115234375","0,1103515625","0,1171875","0","0","0","0","0","0","30","30","30","32","32","32","0","0","0","442","442","442","0","0","0","5","5","5","0","0","0","4","4","4","0","0","0","0","0","0","150f/4r"
