"Version","Case","Repeats","elapsedSecMedian","elapsedSecMin","elapsedSecP95","geometrySecMedian","geometrySecMin","geometrySecP95","coreSecMedian","coreSecMin","coreSecP95","packagingSecMedian","packagingSecMin","packagingSecP95","writeSecMedian","writeSecMin","writeSecP95","solvesMedian","solvesMin","solvesP95","probesMedian","probesMin","probesP95","planeProbesMedian","planeProbesMin","planeProbesP95","iterationsMedian","iterationsMin","iterationsP95","retriesMedian","retriesMin","retriesP95","retryFormatCallsMedian","retryFormatCallsMin","retryFormatCallsP95","probeReuseMedian","probeReuseMin","probeReuseP95","stateReuseMedian","stateReuseMin","stateReuseP95","duplicateSolveAttemptsMedian","duplicateSolveAttemptsMin","duplicateSolveAttemptsP95","unconvergedProbesMedian","unconvergedProbesMin","unconvergedProbesP95","unconfirmedPhysicalMedian","unconfirmedPhysicalMin","unconfirmedPhysicalP95","ModelSizes"
"baseline","asymmetric","5","15,24609375","15,12890625","15,87109375","0,01171875","0,01171875","0,015625","14,421875","14,2421875","14,65234375","0","0","0","0","0","0","94","94","94","23","23","23","0","0","0","3874","3874","3874","20","20","20","150","150","150","0","0","0","0","0","0","10","10","10","25","25","25","0","0","0","2875f/0r|2875f/4r"
"baseline","axial","5","0,18359375","0,17578125","0,1875","0","0","0,00390625","0,16015625","0,15625","0,1640625","0","0","0","0","0","0","38","38","38","12","12","12","0","0","0","558","558","558","8","8","8","60","60","60","0","0","0","0","0","0","0","0","0","10","10","10","0","0","0","150f/4r"
"baseline","batch_write","5","0,7890625","0,6875","1,08203125","0","0","0,00390625","0,0078125","0,00390625","0,015625","0","0","0,00390625","0,71484375","0,6328125","0,9375","3","3","3","0","0","0","21","21","21","49","49","49","0","0","0","0","0","0","0","0","0","0","0","0","0","0","0","0","0","0","0","0","0","100f/4r"
"baseline","bending","5","0,140625","0,12890625","0,23828125","0","0","0,00390625","0,109375","0,1015625","0,1171875","0","0","0","0","0","0","28","28","28","24","24","24","0","0","0","384","384","384","0","0","0","0","0","0","0","0","0","0","0","0","0","0","0","0","0","0","0","0","0","150f/4r"
"baseline","biaxial","5","0,3125","0,28125","0,35546875","0","0","0,00390625","0,2421875","0,22265625","0,2578125","0","0","0","0","0","0","48","48","48","48","48","48","0","0","0","912","912","912","0","0","0","0","0","0","0","0","0","0","0","0","2","2","2","0","0","0","0","0","0","150f/4r"
"baseline","capacity_strategies","5","0,8203125","0,76953125","0,8984375","0,01171875","0","0,015625","0,66015625","0,65625","0,671875","0","0","0","0","0","0","82","82","82","66","66","66","51","51","51","1550","1550","1550","4","4","4","30","30","30","0","0","0","0","0","0","1","1","1","5","5","5","0","0","0","150f/4r|489f/4r"
"baseline","crack_bending","5","0,4140625","0,3828125","0,484375","0,00390625","0,00390625","0,0078125","0,30078125","0,26171875","0,3125","0","0","0,0078125","0","0","0","72","72","72","66","66","66","0","0","0","1025","1025","1025","0","0","0","0","0","0","0","0","0","0","0","0","0","0","0","0","0","0","0","0","0","150f/4r"
"baseline","crack_cache","5","0,3125","0,2890625","0,33203125","0","0","0,00390625","0,21875","0,2109375","0,25390625","0","0","0","0","0","0","50","50","50","44","44","44","0","0","0","707","707","707","0","0","0","0","0","0","0","0","0","1","1","1","2","2","2","0","0","0","0","0","0","150f/4r"
"baseline","crack_paths","5","0,359375","0,33984375","0,3984375","0","0","0,0078125","0,24609375","0,23828125","0,25390625","0","0","0,0078125","0","0","0","56","56","56","44","44","44","0","0","0","806","806","806","0","0","0","0","0","0","0","0","0","0","0","0","1","1","1","0","0","0","0","0","0","150f/4r"
"baseline","diagnostics_off","5","14,45703125","14,26953125","14,58984375","0,01171875","0,0078125","0,01171875","13,43359375","13,35546875","13,734375","0","0","0","0","0","0","94","94","94","23","23","23","0","0","0","3874","3874","3874","20","20","20","150","150","150","0","0","0","0","0","0","10","10","10","25","25","25","0","0","0","2875f/0r|2875f/4r"
"baseline","geometry_hollow","5","0,05859375","0,0546875","0,0703125","0","0","0","0","0","0","0","0","0","0","0","0","0","0","0","0","0","0","0","0","0","0","0","0","0","0","0","0","0","0","0","0","0","0","0","0","0","0","0","0","0","0","0","0","0",""
"baseline","geometry_hollow_mesh","5","10,02734375","9,9453125","10,17578125","9,97265625","9,87890625","10,0859375","0","0","0","0","0","0","0","0","0","0","0","0","0","0","0","0","0","0","0","0","0","0","0","0","0","0","0","0","0","0","0","0","0","0","0","0","0","0","0","0","0","0","3717f/0r"
"baseline","geometry_hollow_rebars","5","0,078125","0,07421875","0,08203125","0","0","0","0","0","0","0","0","0","0","0","0","0","0","0","0","0","0","0","0","0","0","0","0","0","0","0","0","0","0","0","0","0","0","0","0","0","0","0","0","0","0","0","0","0",""
"baseline","geometry_rounded","5","0,20703125","0,1953125","0,2890625","0,0703125","0,0703125","0,078125","0","0","0","0","0","0","0","0","0","0","0","0","0","0","0","0","0","0","0","0","0","0","0","0","0","0","0","0","0","0","0","0","0","0","0","0","0","0","0","0","0","0","7596f/0r"
"baseline","geometry_tapered","5","0,40625","0,3671875","0,59765625","0,14453125","0,140625","0,19140625","0","0","0","0","0","0","0","0","0","0","0","0","0","0","0","0","0","0","0","0","0","0","0","0","0","0","0","0","0","0","0","0","0","0","0","0","0","0","0","0","0","0","95f/0r|379f/0r"
"baseline","methods","5","0,15234375","0,13671875","0,16796875","0","0","0,00390625","0,1171875","0,10546875","0,125","0","0","0","0","0","0","30","30","30","32","32","32","0","0","0","442","442","442","0","0","0","0","0","0","5","5","5","0","0","0","4","4","4","0","0","0","0","0","0","150f/4r"
"current","asymmetric","5","15,19921875","15,04296875","15,87890625","0,01171875","0,01171875","0,015625","14,31640625","14,16015625","14,95703125","0","0","0","0","0","0","84","84","84","23","23","23","0","0","0","3864","3864","3864","20","20","20","120","120","120","0","0","0","0","0","0","0","0","0","25","25","25","0","0","0","2875f/0r|2875f/4r"
"current","axial","5","0,1796875","0,1796875","0,18359375","0","0","0","0,16015625","0,15234375","0,16796875","0","0","0","0","0","0","38","38","38","12","12","12","0","0","0","558","558","558","8","8","8","60","60","60","0","0","0","0","0","0","0","0","0","10","10","10","0","0","0","150f/4r"
"current","batch_write","5","0,328125","0,265625","0,421875","0","0","0,00390625","0,0078125","0,00390625","0,015625","0","0","0","0,28125","0,21875","0,30859375","3","3","3","0","0","0","21","21","21","49","49","49","0","0","0","0","0","0","0","0","0","0","0","0","0","0","0","0","0","0","0","0","0","100f/4r"
"current","bending","5","0,14453125","0,12890625","0,19921875","0","0","0,00390625","0,10546875","0,09765625","0,109375","0","0","0","0","0","0","28","28","28","24","24","24","0","0","0","384","384","384","0","0","0","0","0","0","0","0","0","0","0","0","0","0","0","0","0","0","0","0","0","150f/4r"
"current","biaxial","5","0,27734375","0,27734375","0,30078125","0","0","0","0,234375","0,2265625","0,25","0","0","0","0","0","0","48","48","48","48","48","48","0","0","0","912","912","912","0","0","0","0","0","0","0","0","0","0","0","0","2","2","2","0","0","0","0","0","0","150f/4r"
"current","capacity_strategies","5","0,80859375","0,7890625","0,81640625","0","0","0,00390625","0,65625","0,63671875","0,671875","0","0","0","0","0","0","82","82","82","66","66","66","51","51","51","1550","1550","1550","4","4","4","30","30","30","0","0","0","0","0","0","0","0","0","5","5","5","0","0","0","150f/4r|489f/4r"
"current","crack_bending","5","0,07421875","0,06640625","0,15234375","0","0","0,00390625","0,02734375","0,015625","0,03515625","0","0","0,00390625","0","0","0","6","6","6","0","0","0","0","0","0","79","79","79","0","0","0","0","0","0","0","0","0","0","0","0","0","0","0","0","0","0","0","0","0","150f/4r"
"current","crack_cache","5","0,046875","0,04296875","0,0546875","0","0","0,00390625","0,015625","0,01171875","0,0234375","0","0","0,00390625","0","0","0","4","4","4","0","0","0","0","0","0","61","61","61","0","0","0","0","0","0","0","0","0","1","1","1","0","0","0","0","0","0","0","0","0","150f/4r"
"current","crack_paths","5","0,1015625","0,1015625","0,12890625","0","0","0","0,046875","0,04296875","0,0625","0","0","0","0","0","0","11","11","11","0","0","0","0","0","0","180","180","180","0","0","0","0","0","0","0","0","0","0","0","0","0","0","0","0","0","0","0","0","0","150f/4r"
"current","diagnostics_off","5","14,36328125","14,14453125","14,45703125","0,01171875","0,01171875","0,01171875","13,5","13,296875","13,5625","0","0","0","0","0","0","84","84","84","23","23","23","0","0","0","3864","3864","3864","20","20","20","0","0","0","0","0","0","0","0","0","0","0","0","25","25","25","0","0","0","2875f/0r|2875f/4r"
"current","geometry_hollow","5","0,015625","0,01171875","0,0234375","0","0","0","0","0","0","0","0","0","0","0","0","0","0","0","0","0","0","0","0","0","0","0","0","0","0","0","0","0","0","0","0","0","0","0","0","0","0","0","0","0","0","0","0","0",""
"current","geometry_hollow_mesh","5","0,1171875","0,11328125","0,14453125","0,0625","0,05859375","0,06640625","0","0","0","0","0","0","0","0","0","0","0","0","0","0","0","0","0","0","0","0","0","0","0","0","0","0","0","0","0","0","0","0","0","0","0","0","0","0","0","0","0","0","3600f/0r"
"current","geometry_hollow_rebars","5","0,0078125","0,00390625","0,01171875","0","0","0","0","0","0","0","0","0","0","0","0","0","0","0","0","0","0","0","0","0","0","0","0","0","0","0","0","0","0","0","0","0","0","0","0","0","0","0","0","0","0","0","0","0",""
"current","geometry_rounded","5","0,12890625","0,125","0,1796875","0,015625","0,01171875","0,01953125","0","0","0","0","0","0","0","0","0","0","0","0","0","0","0","0","0","0","0","0","0","0","0","0","0","0","0","0","0","0","0","0","0","0","0","0","0","0","0","0","0","0","7596f/0r"
"current","geometry_tapered","5","0,2265625","0,19140625","0,375","0,01953125","0,0078125","0,03125","0","0","0","0","0","0","0","0","0","0","0","0","0","0","0","0","0","0","0","0","0","0","0","0","0","0","0","0","0","0","0","0","0","0","0","0","0","0","0","0","0","0","95f/0r|379f/0r"
"current","methods","5","0,14453125","0,140625","0,1484375","0","0","0","0,1171875","0,10546875","0,12109375","0","0","0","0","0","0","30","30","30","31","31","31","0","0","0","442","442","442","0","0","0","0","0","0","4","4","4","0","0","0","0","0","0","0","0","0","0","0","0","150f/4r"
