"Version","Case","Repeats","elapsedSecMedian","elapsedSecMin","elapsedSecP95","geometrySecMedian","geometrySecMin","geometrySecP95","coreSecMedian","coreSecMin","coreSecP95","packagingSecMedian","packagingSecMin","packagingSecP95","writeSecMedian","writeSecMin","writeSecP95","solvesMedian","solvesMin","solvesP95","probesMedian","probesMin","probesP95","planeProbesMedian","planeProbesMin","planeProbesP95","iterationsMedian","iterationsMin","iterationsP95","retriesMedian","retriesMin","retriesP95","probeReuseMedian","probeReuseMin","probeReuseP95","stateReuseMedian","stateReuseMin","stateReuseP95","unconvergedProbesMedian","unconvergedProbesMin","unconvergedProbesP95","unconfirmedPhysicalMedian","unconfirmedPhysicalMin","unconfirmedPhysicalP95","ModelSizes"
"baseline","asymmetric","5","15,2685546875","14,9326171875","15,8330078125","0,01171875","0,0107421875","0,013671875","14,1591796875","14,0517578125","14,5859375","0","0","0","0","0","0","94","94","94","23","23","23","0","0","0","3874","3874","3874","20","20","20","0","0","0","0","0","0","25","25","25","0","0","0","2875f/0r|2875f/4r"
"baseline","axial","5","0,189453125","0,1806640625","0,1904296875","0,0009765625","0,0009765625","0,001953125","0,158203125","0,1513671875","0,1591796875","0","0","0","0","0","0","38","38","38","12","12","12","0","0","0","558","558","558","8","8","8","0","0","0","0","0","0","10","10","10","0","0","0","150f/4r"
"baseline","batch_write","5","0,505859375","0,46484375","0,8681640625","0","0","0,0009765625","0,0087890625","0,0068359375","0,01171875","0","0","0,001953125","0,740234375","0,6943359375","1,0439453125","3","3","3","0","0","0","21","21","21","49","49","49","0","0","0","0","0","0","0","0","0","0","0","0","0","0","0","100f/4r"
"baseline","bending","5","0,1787109375","0,13671875","0,2431640625","0,0009765625","0,0009765625","0,00390625","0,103515625","0,099609375","0,111328125","0","0","0","0","0","0","28","28","28","24","24","24","0","0","0","384","384","384","0","0","0","0","0","0","0","0","0","0","0","0","0","0","0","150f/4r"
"baseline","biaxial","5","0,3798828125","0,294921875","0,392578125","0,0009765625","0,0009765625","0,0009765625","0,2333984375","0,228515625","0,2412109375","0","0","0","0","0","0","48","48","48","48","48","48","0","0","0","912","912","912","0","0","0","0","0","0","0","0","0","0","0","0","0","0","0","150f/4r"
"baseline","capacity_strategies","5","0,9775390625","0,849609375","1,037109375","0,0048828125","0,00390625","0,0078125","0,6435546875","0,6279296875","0,6591796875","0","0","0","0","0","0","82","82","82","66","66","66","51","51","51","1550","1550","1550","4","4","4","0","0","0","0","0","0","5","5","5","0","0","0","150f/4r|489f/4r"
"baseline","crack_bending","5","0,408203125","0,38671875","0,5478515625","0,001953125","0,0009765625","0,0029296875","0,296875","0,28515625","0,3037109375","0,0009765625","0","0,0048828125","0","0","0","72","72","72","66","66","66","0","0","0","1025","1025","1025","0","0","0","0","0","0","0","0","0","0","0","0","0","0","0","150f/4r"
"baseline","crack_cache","5","0,3056640625","0,29296875","0,337890625","0,0009765625","0","0,0009765625","0,21875","0,2119140625","0,2255859375","0","0","0,001953125","0","0","0","50","50","50","44","44","44","0","0","0","707","707","707","0","0","0","0","0","0","1","1","1","0","0","0","0","0","0","150f/4r"
"baseline","crack_paths","5","0,3671875","0,3466796875","0,42578125","0,0029296875","0,001953125","0,00390625","0,240234375","0,2353515625","0,259765625","0,0009765625","0","0,0029296875","0","0","0","56","56","56","44","44","44","0","0","0","806","806","806","0","0","0","0","0","0","0","0","0","0","0","0","0","0","0","150f/4r"
"baseline","geometry_hollow","5","0,0029296875","0,001953125","0,005859375","0","0","0","0","0","0","0","0","0","0","0","0","0","0","0","0","0","0","0","0","0","0","0","0","0","0","0","0","0","0","0","0","0","0","0","0","0","0","0",""
"baseline","geometry_hollow_mesh","5","9,9990234375","9,8818359375","10,0751953125","9,833984375","9,748046875","9,9443359375","0","0","0","0","0","0","0","0","0","0","0","0","0","0","0","0","0","0","0","0","0","0","0","0","0","0","0","0","0","0","0","0","0","0","0","0","3717f/0r"
"baseline","geometry_hollow_rebars","5","0,0791015625","0,076171875","0,08984375","0","0","0","0","0","0","0","0","0","0","0","0","0","0","0","0","0","0","0","0","0","0","0","0","0","0","0","0","0","0","0","0","0","0","0","0","0","0","0",""
"baseline","geometry_rounded","5","0,337890625","0,2080078125","0,349609375","0,0693359375","0,068359375","0,0703125","0","0","0","0","0","0","0","0","0","0","0","0","0","0","0","0","0","0","0","0","0","0","0","0","0","0","0","0","0","0","0","0","0","0","0","0","7596f/0r"
"baseline","geometry_tapered","5","0,0234375","0,015625","0,025390625","0,0068359375","0,0048828125","0,0068359375","0","0","0","0","0","0","0","0","0","0","0","0","0","0","0","0","0","0","0","0","0","0","0","0","0","0","0","0","0","0","0","0","0","0","0","0","95f/0r|379f/0r"
"baseline","methods","5","0,1806640625","0,15234375","0,2021484375","0,0009765625","0,0009765625","0,0009765625","0,1142578125","0,1103515625","0,1201171875","0","0","0","0","0","0","30","30","30","32","32","32","0","0","0","442","442","442","0","0","0","5","5","5","0","0","0","0","0","0","0","0","0","150f/4r"
"current","asymmetric","5","15,001953125","14,8857421875","15,294921875","0,01171875","0,01171875","0,013671875","14,11328125","14,0546875","14,4267578125","0","0","0","0","0","0","94","94","94","23","23","23","0","0","0","3874","3874","3874","20","20","20","0","0","0","0","0","0","25","25","25","0","0","0","2875f/0r|2875f/4r"
"current","axial","5","0,1748046875","0,1748046875","0,1806640625","0,0009765625","0,0009765625","0,0009765625","0,1611328125","0,16015625","0,1650390625","0","0","0","0","0","0","38","38","38","12","12","12","0","0","0","558","558","558","8","8","8","0","0","0","0","0","0","10","10","10","0","0","0","150f/4r"
"current","batch_write","5","0,4931640625","0,4833984375","0,6220703125","0,0009765625","0","0,0009765625","0,0087890625","0,0068359375","0,01171875","0,0009765625","0","0,00390625","0,7353515625","0,7177734375","0,8115234375","3","3","3","0","0","0","21","21","21","49","49","49","0","0","0","0","0","0","0","0","0","0","0","0","0","0","0","100f/4r"
"current","bending","5","0,1328125","0,1298828125","0,2080078125","0,0009765625","0,0009765625","0,00390625","0,1064453125","0,103515625","0,1123046875","0","0","0","0","0","0","28","28","28","24","24","24","0","0","0","384","384","384","0","0","0","0","0","0","0","0","0","0","0","0","0","0","0","150f/4r"
"current","biaxial","5","0,291015625","0,287109375","0,2919921875","0,0009765625","0,0009765625","0,0009765625","0,23828125","0,2333984375","0,2470703125","0","0","0","0","0","0","48","48","48","48","48","48","0","0","0","912","912","912","0","0","0","0","0","0","0","0","0","0","0","0","0","0","0","150f/4r"
"current","capacity_strategies","5","0,7607421875","0,7568359375","0,82421875","0,005859375","0,0048828125","0,0068359375","0,6474609375","0,6376953125","0,650390625","0","0","0","0","0","0","82","82","82","66","66","66","51","51","51","1550","1550","1550","4","4","4","0","0","0","0","0","0","5","5","5","0","0","0","150f/4r|489f/4r"
"current","crack_bending","5","0,375","0,373046875","0,4609375","0,0029296875","0,0029296875","0,0029296875","0,2861328125","0,2802734375","0,291015625","0","0","0,0048828125","0","0","0","72","72","72","66","66","66","0","0","0","1025","1025","1025","0","0","0","0","0","0","0","0","0","0","0","0","0","0","0","150f/4r"
"current","crack_cache","5","0,294921875","0,2861328125","0,318359375","0,0009765625","0,0009765625","0,0009765625","0,212890625","0,2021484375","0,23828125","0","0","0,0009765625","0","0","0","50","50","50","44","44","44","0","0","0","707","707","707","0","0","0","0","0","0","1","1","1","0","0","0","0","0","0","150f/4r"
"current","crack_paths","5","0,333984375","0,3310546875","0,3408203125","0,0029296875","0,001953125","0,0029296875","0,240234375","0,2333984375","0,2470703125","0","0","0,001953125","0","0","0","56","56","56","44","44","44","0","0","0","806","806","806","0","0","0","0","0","0","0","0","0","0","0","0","0","0","0","150f/4r"
"current","geometry_hollow","5","0,001953125","0,001953125","0,0048828125","0","0","0","0","0","0","0","0","0","0","0","0","0","0","0","0","0","0","0","0","0","0","0","0","0","0","0","0","0","0","0","0","0","0","0","0","0","0","0",""
"current","geometry_hollow_mesh","5","10,00390625","9,935546875","10,359375","9,9208984375","9,8583984375","10,2890625","0","0","0","0","0","0","0","0","0","0","0","0","0","0","0","0","0","0","0","0","0","0","0","0","0","0","0","0","0","0","0","0","0","0","0","0","3717f/0r"
"current","geometry_hollow_rebars","5","0,078125","0,078125","0,0859375","0","0","0","0","0","0","0","0","0","0","0","0","0","0","0","0","0","0","0","0","0","0","0","0","0","0","0","0","0","0","0","0","0","0","0","0","0","0","0",""
"current","geometry_rounded","5","0,1845703125","0,1787109375","0,2236328125","0,0693359375","0,0673828125","0,0751953125","0","0","0","0","0","0","0","0","0","0","0","0","0","0","0","0","0","0","0","0","0","0","0","0","0","0","0","0","0","0","0","0","0","0","0","0","7596f/0r"
"current","geometry_tapered","5","0,015625","0,013671875","0,01953125","0,005859375","0,005859375","0,0087890625","0","0","0","0","0","0","0","0","0","0","0","0","0","0","0","0","0","0","0","0","0","0","0","0","0","0","0","0","0","0","0","0","0","0","0","0","95f/0r|379f/0r"
"current","methods","5","0,1376953125","0,13671875","0,1572265625","0,0009765625","0","0,0009765625","0,1142578125","0,1123046875","0,1181640625","0","0","0","0","0","0","30","30","30","32","32","32","0","0","0","442","442","442","0","0","0","5","5","5","0","0","0","0","0","0","0","0","0","150f/4r"
